Dataset,Topology,Alpha,Agents,bandwidth,latency,packet_loss,PacketLossSimulated,PacketLossScenario,SourceFile,Approach
cic,FullyConnected,0.1,5,75.67795013567445,31.969522296028607,0,0,0,hdfl_xgb_FullyConnected_topology_cic_traffic_metrics_0.1_normal_dos_reconnaissance_loss0.csv,HDFL
cic,FullyConnected,0.1,5,50.277408986966506,18.754388738155335,0.1,0.1,0.1,hdfl_xgb_FullyConnected_topology_cic_traffic_metrics_0.1_normal_dos_reconnaissance_loss10.csv,HDFL
cic,FullyConnected,0.1,5,53.5585310271089,32.70738643353967,0.3,0.3,0.3,hdfl_xgb_FullyConnected_topology_cic_traffic_metrics_0.1_normal_dos_reconnaissance_loss30.csv,HDFL
cic,FullyConnected,0.1,5,64.92467633684569,31.167709012211773,0.5,0.5,0.5,hdfl_xgb_FullyConnected_topology_cic_traffic_metrics_0.1_normal_dos_reconnaissance_loss50.csv,HDFL
cic,FullyConnected,0.1,4,54.83395423860809,29.178951309797547,0,0,0,hdfl_xgb_FullyConnected_topology_cic_traffic_metrics_0.1_normal_exploits_loss0.csv,HDFL
cic,FullyConnected,0.1,4,81.80706078863018,21.57961326586555,0.1,0.1,0.1,hdfl_xgb_FullyConnected_topology_cic_traffic_metrics_0.1_normal_exploits_loss10.csv,HDFL
cic,FullyConnected,0.1,4,83.24573076961894,10.91944477692946,0.3,0.3,0.3,hdfl_xgb_FullyConnected_topology_cic_traffic_metrics_0.1_normal_exploits_loss30.csv,HDFL
cic,FullyConnected,0.1,4,71.5512380758628,21.46018798738748,0.5,0.5,0.5,hdfl_xgb_FullyConnected_topology_cic_traffic_metrics_0.1_normal_exploits_loss50.csv,HDFL
cic,FullyConnected,0.1,5,99.01482736111429,47.62238034721516,0,0,0,hdfl_xgb_FullyConnected_topology_cic_traffic_metrics_0.1_normal_fuzzers_loss0.csv,HDFL
cic,FullyConnected,0.1,5,77.96818018660024,28.98905736142154,0.1,0.1,0.1,hdfl_xgb_FullyConnected_topology_cic_traffic_metrics_0.1_normal_fuzzers_loss10.csv,HDFL
cic,FullyConnected,0.1,5,94.52943740781085,44.87649605625446,0.3,0.3,0.3,hdfl_xgb_FullyConnected_topology_cic_traffic_metrics_0.1_normal_fuzzers_loss30.csv,HDFL
cic,FullyConnected,0.1,5,96.76841466264784,18.848422643544144,0.5,0.5,0.5,hdfl_xgb_FullyConnected_topology_cic_traffic_metrics_0.1_normal_fuzzers_loss50.csv,HDFL
cic,FullyConnected,0.3,8,57.50814346942739,47.51875338822061,0,0,0,hdfl_xgb_FullyConnected_topology_cic_traffic_metrics_0.3_normal_dos_reconnaissance_loss0.csv,HDFL
cic,FullyConnected,0.3,8,75.85832128725765,44.053463462038,0.1,0.1,0.1,hdfl_xgb_FullyConnected_topology_cic_traffic_metrics_0.3_normal_dos_reconnaissance_loss10.csv,HDFL
cic,FullyConnected,0.3,8,82.36179460923898,44.36992536700198,0.3,0.3,0.3,hdfl_xgb_FullyConnected_topology_cic_traffic_metrics_0.3_normal_dos_reconnaissance_loss30.csv,HDFL
cic,FullyConnected,0.3,8,79.62671092848709,49.540012662626786,0.5,0.5,0.5,hdfl_xgb_FullyConnected_topology_cic_traffic_metrics_0.3_normal_dos_reconnaissance_loss50.csv,HDFL
cic,FullyConnected,0.3,8,87.58449591675561,32.79351455363397,0,0,0,hdfl_xgb_FullyConnected_topology_cic_traffic_metrics_0.3_normal_exploits_loss0.csv,HDFL
cic,FullyConnected,0.3,8,83.34697808262698,22.635186496157623,0.1,0.1,0.1,hdfl_xgb_FullyConnected_topology_cic_traffic_metrics_0.3_normal_exploits_loss10.csv,HDFL
cic,FullyConnected,0.3,8,57.733160679689234,20.815747368618123,0.3,0.3,0.3,hdfl_xgb_FullyConnected_topology_cic_traffic_metrics_0.3_normal_exploits_loss30.csv,HDFL
cic,FullyConnected,0.3,8,99.0166953604528,26.729270222766974,0.5,0.5,0.5,hdfl_xgb_FullyConnected_topology_cic_traffic_metrics_0.3_normal_exploits_loss50.csv,HDFL
cic,FullyConnected,0.3,7,62.942887016711055,48.29462069144943,0,0,0,hdfl_xgb_FullyConnected_topology_cic_traffic_metrics_0.3_normal_fuzzers_loss0.csv,HDFL
cic,FullyConnected,0.3,7,72.2979283073389,35.89599150375902,0.1,0.1,0.1,hdfl_xgb_FullyConnected_topology_cic_traffic_metrics_0.3_normal_fuzzers_loss10.csv,HDFL
cic,FullyConnected,0.3,7,52.06976727682364,17.57507721470884,0.3,0.3,0.3,hdfl_xgb_FullyConnected_topology_cic_traffic_metrics_0.3_normal_fuzzers_loss30.csv,HDFL
cic,FullyConnected,0.3,7,72.56271542896626,26.963590078206824,0.5,0.5,0.5,hdfl_xgb_FullyConnected_topology_cic_traffic_metrics_0.3_normal_fuzzers_loss50.csv,HDFL
cic,FullyConnected,0.5,10,65.61152134057043,22.539457642860423,0,0,0,hdfl_xgb_FullyConnected_topology_cic_traffic_metrics_0.5_normal_dos_reconnaissance_loss0.csv,HDFL
cic,FullyConnected,0.5,10,93.05291486176984,28.738980291070977,0.1,0.1,0.1,hdfl_xgb_FullyConnected_topology_cic_traffic_metrics_0.5_normal_dos_reconnaissance_loss10.csv,HDFL
cic,FullyConnected,0.5,10,84.90708758621855,31.85887091225832,0.3,0.3,0.3,hdfl_xgb_FullyConnected_topology_cic_traffic_metrics_0.5_normal_dos_reconnaissance_loss30.csv,HDFL
cic,FullyConnected,0.5,10,99.43829204915431,35.26918461398306,0.5,0.5,0.5,hdfl_xgb_FullyConnected_topology_cic_traffic_metrics_0.5_normal_dos_reconnaissance_loss50.csv,HDFL
cic,FullyConnected,0.5,10,67.04365362316251,13.560729927975215,0,0,0,hdfl_xgb_FullyConnected_topology_cic_traffic_metrics_0.5_normal_exploits_loss0.csv,HDFL
cic,FullyConnected,0.5,10,79.11558855355771,28.31452717716436,0.1,0.1,0.1,hdfl_xgb_FullyConnected_topology_cic_traffic_metrics_0.5_normal_exploits_loss10.csv,HDFL
cic,FullyConnected,0.5,10,73.90491490518693,39.29288669195299,0.3,0.3,0.3,hdfl_xgb_FullyConnected_topology_cic_traffic_metrics_0.5_normal_exploits_loss30.csv,HDFL
cic,FullyConnected,0.5,10,94.06548466618014,15.981807907772549,0.5,0.5,0.5,hdfl_xgb_FullyConnected_topology_cic_traffic_metrics_0.5_normal_exploits_loss50.csv,HDFL
cic,FullyConnected,0.5,10,92.345590254592,10.085423680916604,0,0,0,hdfl_xgb_FullyConnected_topology_cic_traffic_metrics_0.5_normal_fuzzers_loss0.csv,HDFL
cic,FullyConnected,0.5,10,96.72229120891308,23.634719569887377,0.1,0.1,0.1,hdfl_xgb_FullyConnected_topology_cic_traffic_metrics_0.5_normal_fuzzers_loss10.csv,HDFL
cic,FullyConnected,0.5,10,96.51149756773312,21.93669923456479,0.3,0.3,0.3,hdfl_xgb_FullyConnected_topology_cic_traffic_metrics_0.5_normal_fuzzers_loss30.csv,HDFL
cic,FullyConnected,0.5,10,97.49259712649904,24.464355670072266,0.5,0.5,0.5,hdfl_xgb_FullyConnected_topology_cic_traffic_metrics_0.5_normal_fuzzers_loss50.csv,HDFL
cic,FullyConnected,1,8,56.49284206456573,33.367034361178625,0,0,0,hdfl_xgb_FullyConnected_topology_cic_traffic_metrics_1.0_normal_dos_reconnaissance_loss0.csv,HDFL
cic,FullyConnected,1,8,50.153058485948264,13.811196584807613,0.1,0.1,0.1,hdfl_xgb_FullyConnected_topology_cic_traffic_metrics_1.0_normal_dos_reconnaissance_loss10.csv,HDFL
cic,FullyConnected,1,8,62.40549729832544,24.26336165100489,0.3,0.3,0.3,hdfl_xgb_FullyConnected_topology_cic_traffic_metrics_1.0_normal_dos_reconnaissance_loss30.csv,HDFL
cic,FullyConnected,1,8,87.63714114742533,44.289272120484185,0.5,0.5,0.5,hdfl_xgb_FullyConnected_topology_cic_traffic_metrics_1.0_normal_dos_reconnaissance_loss50.csv,HDFL
cic,FullyConnected,1,8,96.46027715947764,10.46160200255332,0,0,0,hdfl_xgb_FullyConnected_topology_cic_traffic_metrics_1.0_normal_exploits_loss0.csv,HDFL
cic,FullyConnected,1,8,54.46960998099273,15.081020105860649,0.1,0.1,0.1,hdfl_xgb_FullyConnected_topology_cic_traffic_metrics_1.0_normal_exploits_loss10.csv,HDFL
cic,FullyConnected,1,8,69.56524377615553,11.342615917356532,0.3,0.3,0.3,hdfl_xgb_FullyConnected_topology_cic_traffic_metrics_1.0_normal_exploits_loss30.csv,HDFL
cic,FullyConnected,1,8,78.72010764731263,36.59484627224885,0.5,0.5,0.5,hdfl_xgb_FullyConnected_topology_cic_traffic_metrics_1.0_normal_exploits_loss50.csv,HDFL
cic,FullyConnected,1,8,68.57194804451454,21.298926554393685,0,0,0,hdfl_xgb_FullyConnected_topology_cic_traffic_metrics_1.0_normal_fuzzers_loss0.csv,HDFL
cic,FullyConnected,1,8,87.25482857113585,49.12327524083067,0.1,0.1,0.1,hdfl_xgb_FullyConnected_topology_cic_traffic_metrics_1.0_normal_fuzzers_loss10.csv,HDFL
cic,FullyConnected,1,8,90.99549960133982,35.90282942685306,0.3,0.3,0.3,hdfl_xgb_FullyConnected_topology_cic_traffic_metrics_1.0_normal_fuzzers_loss30.csv,HDFL
cic,FullyConnected,1,8,82.02393507457799,17.622178363158334,0.5,0.5,0.5,hdfl_xgb_FullyConnected_topology_cic_traffic_metrics_1.0_normal_fuzzers_loss50.csv,HDFL
cic,FullyConnected,2,10,75.71279656581511,30.685591542982355,0,0,0,hdfl_xgb_FullyConnected_topology_cic_traffic_metrics_2.0_normal_dos_reconnaissance_loss0.csv,HDFL
cic,FullyConnected,2,10,69.26695692012157,29.96964276840003,0.1,0.1,0.1,hdfl_xgb_FullyConnected_topology_cic_traffic_metrics_2.0_normal_dos_reconnaissance_loss10.csv,HDFL
cic,FullyConnected,2,10,78.11129910866723,43.749462059433235,0.3,0.3,0.3,hdfl_xgb_FullyConnected_topology_cic_traffic_metrics_2.0_normal_dos_reconnaissance_loss30.csv,HDFL
cic,FullyConnected,2,10,53.83657596927862,35.67691078155946,0.5,0.5,0.5,hdfl_xgb_FullyConnected_topology_cic_traffic_metrics_2.0_normal_dos_reconnaissance_loss50.csv,HDFL
cic,FullyConnected,2,10,68.57126604274737,33.125546005873815,0,0,0,hdfl_xgb_FullyConnected_topology_cic_traffic_metrics_2.0_normal_exploits_loss0.csv,HDFL
cic,FullyConnected,2,10,90.05673148251788,36.393314199278976,0.1,0.1,0.1,hdfl_xgb_FullyConnected_topology_cic_traffic_metrics_2.0_normal_exploits_loss10.csv,HDFL
cic,FullyConnected,2,10,76.14622444279397,20.60457945169467,0.3,0.3,0.3,hdfl_xgb_FullyConnected_topology_cic_traffic_metrics_2.0_normal_exploits_loss30.csv,HDFL
cic,FullyConnected,2,10,57.16413940314431,48.74815216855224,0.5,0.5,0.5,hdfl_xgb_FullyConnected_topology_cic_traffic_metrics_2.0_normal_exploits_loss50.csv,HDFL
cic,FullyConnected,2,10,81.32000902123251,16.36204479040751,0,0,0,hdfl_xgb_FullyConnected_topology_cic_traffic_metrics_2.0_normal_fuzzers_loss0.csv,HDFL
cic,FullyConnected,2,10,62.05002034175807,25.83866728005571,0.1,0.1,0.1,hdfl_xgb_FullyConnected_topology_cic_traffic_metrics_2.0_normal_fuzzers_loss10.csv,HDFL
cic,FullyConnected,2,10,92.73679199986672,39.180357143982945,0.3,0.3,0.3,hdfl_xgb_FullyConnected_topology_cic_traffic_metrics_2.0_normal_fuzzers_loss30.csv,HDFL
cic,FullyConnected,2,10,67.21143790586504,19.13147764170312,0.5,0.5,0.5,hdfl_xgb_FullyConnected_topology_cic_traffic_metrics_2.0_normal_fuzzers_loss50.csv,HDFL
ton,FullyConnected,0.1,6,62.06211302989209,38.21659334134091,0,0,0,hdfl_xgb_FullyConnected_topology_ton_traffic_metrics_0.1_normal_dos_reconnaissance_loss0.csv,HDFL
ton,FullyConnected,0.1,6,71.11884673473521,42.9352241516606,0.1,0.1,0.1,hdfl_xgb_FullyConnected_topology_ton_traffic_metrics_0.1_normal_dos_reconnaissance_loss10.csv,HDFL
ton,FullyConnected,0.1,6,53.66218319981952,16.790966831049,0.3,0.3,0.3,hdfl_xgb_FullyConnected_topology_ton_traffic_metrics_0.1_normal_dos_reconnaissance_loss30.csv,HDFL
ton,FullyConnected,0.1,6,96.05475209906908,39.28404353808672,0.5,0.5,0.5,hdfl_xgb_FullyConnected_topology_ton_traffic_metrics_0.1_normal_dos_reconnaissance_loss50.csv,HDFL
ton,FullyConnected,0.1,5,65.66399282748802,34.66961559558307,0,0,0,hdfl_xgb_FullyConnected_topology_ton_traffic_metrics_0.1_normal_exploits_loss0.csv,HDFL
ton,FullyConnected,0.1,5,92.96085626851698,44.40255744055757,0.1,0.1,0.1,hdfl_xgb_FullyConnected_topology_ton_traffic_metrics_0.1_normal_exploits_loss10.csv,HDFL
ton,FullyConnected,0.1,5,56.76689393938196,14.890839612276071,0.3,0.3,0.3,hdfl_xgb_FullyConnected_topology_ton_traffic_metrics_0.1_normal_exploits_loss30.csv,HDFL
ton,FullyConnected,0.1,5,92.00599436499792,42.743178663534025,0.5,0.5,0.5,hdfl_xgb_FullyConnected_topology_ton_traffic_metrics_0.1_normal_exploits_loss50.csv,HDFL
ton,FullyConnected,0.1,5,58.4232050937473,46.311563522961045,0,0,0,hdfl_xgb_FullyConnected_topology_ton_traffic_metrics_0.1_normal_fuzzers_loss0.csv,HDFL
ton,FullyConnected,0.1,5,51.677669634450346,27.544300353998658,0.1,0.1,0.1,hdfl_xgb_FullyConnected_topology_ton_traffic_metrics_0.1_normal_fuzzers_loss10.csv,HDFL
ton,FullyConnected,0.1,5,50.03214572112664,38.04262211025943,0.3,0.3,0.3,hdfl_xgb_FullyConnected_topology_ton_traffic_metrics_0.1_normal_fuzzers_loss30.csv,HDFL
ton,FullyConnected,0.1,5,66.81017499009445,22.18096416573544,0.5,0.5,0.5,hdfl_xgb_FullyConnected_topology_ton_traffic_metrics_0.1_normal_fuzzers_loss50.csv,HDFL
ton,FullyConnected,0.3,9,53.79932289573196,49.6214316086882,0,0,0,hdfl_xgb_FullyConnected_topology_ton_traffic_metrics_0.3_normal_dos_reconnaissance_loss0.csv,HDFL
ton,FullyConnected,0.3,9,54.72200840376556,30.158454015506543,0.1,0.1,0.1,hdfl_xgb_FullyConnected_topology_ton_traffic_metrics_0.3_normal_dos_reconnaissance_loss10.csv,HDFL
ton,FullyConnected,0.3,9,55.75699847991512,33.61987981177932,0.3,0.3,0.3,hdfl_xgb_FullyConnected_topology_ton_traffic_metrics_0.3_normal_dos_reconnaissance_loss30.csv,HDFL
ton,FullyConnected,0.3,9,76.71287182347214,30.439062686081996,0.5,0.5,0.5,hdfl_xgb_FullyConnected_topology_ton_traffic_metrics_0.3_normal_dos_reconnaissance_loss50.csv,HDFL
ton,FullyConnected,0.3,10,85.00947710433995,45.616744559292506,0,0,0,hdfl_xgb_FullyConnected_topology_ton_traffic_metrics_0.3_normal_exploits_loss0.csv,HDFL
ton,FullyConnected,0.3,10,69.24804818811795,33.327795555505105,0.1,0.1,0.1,hdfl_xgb_FullyConnected_topology_ton_traffic_metrics_0.3_normal_exploits_loss10.csv,HDFL
ton,FullyConnected,0.3,10,81.75772808944733,39.31763800031162,0.3,0.3,0.3,hdfl_xgb_FullyConnected_topology_ton_traffic_metrics_0.3_normal_exploits_loss30.csv,HDFL
ton,FullyConnected,0.3,10,78.6292098250485,13.777039261112334,0.5,0.5,0.5,hdfl_xgb_FullyConnected_topology_ton_traffic_metrics_0.3_normal_exploits_loss50.csv,HDFL
ton,FullyConnected,0.3,10,66.1447772341779,25.55414712132618,0,0,0,hdfl_xgb_FullyConnected_topology_ton_traffic_metrics_0.3_normal_fuzzers_loss0.csv,HDFL
ton,FullyConnected,0.3,10,96.75586662527552,23.815411980707985,0.1,0.1,0.1,hdfl_xgb_FullyConnected_topology_ton_traffic_metrics_0.3_normal_fuzzers_loss10.csv,HDFL
ton,FullyConnected,0.3,10,74.22883621623394,26.5943746492838,0.3,0.3,0.3,hdfl_xgb_FullyConnected_topology_ton_traffic_metrics_0.3_normal_fuzzers_loss30.csv,HDFL
ton,FullyConnected,0.3,10,71.03605572282635,45.228538203880085,0.5,0.5,0.5,hdfl_xgb_FullyConnected_topology_ton_traffic_metrics_0.3_normal_fuzzers_loss50.csv,HDFL
ton,FullyConnected,0.5,10,52.63842559183212,49.07376089657292,0,0,0,hdfl_xgb_FullyConnected_topology_ton_traffic_metrics_0.5_normal_dos_reconnaissance_loss0.csv,HDFL
ton,FullyConnected,0.5,10,59.81263872805167,20.068597261277525,0.1,0.1,0.1,hdfl_xgb_FullyConnected_topology_ton_traffic_metrics_0.5_normal_dos_reconnaissance_loss10.csv,HDFL
ton,FullyConnected,0.5,10,70.88850674057073,47.82847919045984,0.3,0.3,0.3,hdfl_xgb_FullyConnected_topology_ton_traffic_metrics_0.5_normal_dos_reconnaissance_loss30.csv,HDFL
ton,FullyConnected,0.5,10,65.05279944806952,26.674209231439477,0.5,0.5,0.5,hdfl_xgb_FullyConnected_topology_ton_traffic_metrics_0.5_normal_dos_reconnaissance_loss50.csv,HDFL
ton,FullyConnected,0.5,10,81.15504126831905,42.12528183882793,0,0,0,hdfl_xgb_FullyConnected_topology_ton_traffic_metrics_0.5_normal_exploits_loss0.csv,HDFL
ton,FullyConnected,0.5,10,81.49117515969812,28.371784203442395,0.1,0.1,0.1,hdfl_xgb_FullyConnected_topology_ton_traffic_metrics_0.5_normal_exploits_loss10.csv,HDFL
ton,FullyConnected,0.5,10,98.7058748436398,15.242386158222295,0.3,0.3,0.3,hdfl_xgb_FullyConnected_topology_ton_traffic_metrics_0.5_normal_exploits_loss30.csv,HDFL
ton,FullyConnected,0.5,10,80.91824766489367,35.863200156013804,0.5,0.5,0.5,hdfl_xgb_FullyConnected_topology_ton_traffic_metrics_0.5_normal_exploits_loss50.csv,HDFL
ton,FullyConnected,0.5,10,92.2399356818084,48.92802672156443,0,0,0,hdfl_xgb_FullyConnected_topology_ton_traffic_metrics_0.5_normal_fuzzers_loss0.csv,HDFL
ton,FullyConnected,0.5,10,82.59080948426009,11.40775475796319,0.1,0.1,0.1,hdfl_xgb_FullyConnected_topology_ton_traffic_metrics_0.5_normal_fuzzers_loss10.csv,HDFL
ton,FullyConnected,0.5,10,98.24044512363676,38.59981003370493,0.3,0.3,0.3,hdfl_xgb_FullyConnected_topology_ton_traffic_metrics_0.5_normal_fuzzers_loss30.csv,HDFL
ton,FullyConnected,0.5,10,94.6584840298226,18.24926856789533,0.5,0.5,0.5,hdfl_xgb_FullyConnected_topology_ton_traffic_metrics_0.5_normal_fuzzers_loss50.csv,HDFL
ton,FullyConnected,1,10,61.796513947144426,28.348046311792903,0,0,0,hdfl_xgb_FullyConnected_topology_ton_traffic_metrics_1.0_normal_dos_reconnaissance_loss0.csv,HDFL
ton,FullyConnected,1,10,56.99125521585842,13.490211012763536,0.1,0.1,0.1,hdfl_xgb_FullyConnected_topology_ton_traffic_metrics_1.0_normal_dos_reconnaissance_loss10.csv,HDFL
ton,FullyConnected,1,10,96.6384465618198,25.26737139504398,0.3,0.3,0.3,hdfl_xgb_FullyConnected_topology_ton_traffic_metrics_1.0_normal_dos_reconnaissance_loss30.csv,HDFL
ton,FullyConnected,1,10,68.64282172167687,40.64143662286875,0.5,0.5,0.5,hdfl_xgb_FullyConnected_topology_ton_traffic_metrics_1.0_normal_dos_reconnaissance_loss50.csv,HDFL
ton,FullyConnected,1,10,77.9375520415017,35.3945780221645,0,0,0,hdfl_xgb_FullyConnected_topology_ton_traffic_metrics_1.0_normal_exploits_loss0.csv,HDFL
ton,FullyConnected,1,10,85.86927206855624,26.39463931655598,0.1,0.1,0.1,hdfl_xgb_FullyConnected_topology_ton_traffic_metrics_1.0_normal_exploits_loss10.csv,HDFL
ton,FullyConnected,1,10,51.59025939609666,20.03600330561308,0.3,0.3,0.3,hdfl_xgb_FullyConnected_topology_ton_traffic_metrics_1.0_normal_exploits_loss30.csv,HDFL
ton,FullyConnected,1,10,53.85409464669381,37.43747117327573,0.5,0.5,0.5,hdfl_xgb_FullyConnected_topology_ton_traffic_metrics_1.0_normal_exploits_loss50.csv,HDFL
ton,FullyConnected,1,10,74.77185003903665,45.03849076631436,0,0,0,hdfl_xgb_FullyConnected_topology_ton_traffic_metrics_1.0_normal_fuzzers_loss0.csv,HDFL
ton,FullyConnected,1,10,60.569895115159746,39.513291897231255,0.1,0.1,0.1,hdfl_xgb_FullyConnected_topology_ton_traffic_metrics_1.0_normal_fuzzers_loss10.csv,HDFL
ton,FullyConnected,1,10,51.50445028652206,16.95810484042819,0.3,0.3,0.3,hdfl_xgb_FullyConnected_topology_ton_traffic_metrics_1.0_normal_fuzzers_loss30.csv,HDFL
ton,FullyConnected,1,10,78.51388940262558,37.72394955092089,0.5,0.5,0.5,hdfl_xgb_FullyConnected_topology_ton_traffic_metrics_1.0_normal_fuzzers_loss50.csv,HDFL
ton,FullyConnected,2,10,59.26421641704901,12.628920066307291,0,0,0,hdfl_xgb_FullyConnected_topology_ton_traffic_metrics_2.0_normal_dos_reconnaissance_loss0.csv,HDFL
ton,FullyConnected,2,10,84.90599022748314,20.495233376616696,0.1,0.1,0.1,hdfl_xgb_FullyConnected_topology_ton_traffic_metrics_2.0_normal_dos_reconnaissance_loss10.csv,HDFL
ton,FullyConnected,2,10,66.97901813577278,38.2011572988736,0.3,0.3,0.3,hdfl_xgb_FullyConnected_topology_ton_traffic_metrics_2.0_normal_dos_reconnaissance_loss30.csv,HDFL
ton,FullyConnected,2,10,70.6595999295739,15.795849186445484,0.5,0.5,0.5,hdfl_xgb_FullyConnected_topology_ton_traffic_metrics_2.0_normal_dos_reconnaissance_loss50.csv,HDFL
ton,FullyConnected,2,10,59.02842720601562,44.42688434114593,0,0,0,hdfl_xgb_FullyConnected_topology_ton_traffic_metrics_2.0_normal_exploits_loss0.csv,HDFL
ton,FullyConnected,2,10,82.38294636345059,26.00492669777556,0.1,0.1,0.1,hdfl_xgb_FullyConnected_topology_ton_traffic_metrics_2.0_normal_exploits_loss10.csv,HDFL
ton,FullyConnected,2,10,80.32727541997161,31.189090181243596,0.3,0.3,0.3,hdfl_xgb_FullyConnected_topology_ton_traffic_metrics_2.0_normal_exploits_loss30.csv,HDFL
ton,FullyConnected,2,10,62.738525714395195,17.766159457644832,0.5,0.5,0.5,hdfl_xgb_FullyConnected_topology_ton_traffic_metrics_2.0_normal_exploits_loss50.csv,HDFL
ton,FullyConnected,2,10,85.22166428106306,21.03684439299634,0,0,0,hdfl_xgb_FullyConnected_topology_ton_traffic_metrics_2.0_normal_fuzzers_loss0.csv,HDFL
ton,FullyConnected,2,10,87.94246029608803,11.116736274934791,0.1,0.1,0.1,hdfl_xgb_FullyConnected_topology_ton_traffic_metrics_2.0_normal_fuzzers_loss10.csv,HDFL
ton,FullyConnected,2,10,72.64420163044232,15.117927128243696,0.3,0.3,0.3,hdfl_xgb_FullyConnected_topology_ton_traffic_metrics_2.0_normal_fuzzers_loss30.csv,HDFL
ton,FullyConnected,2,10,73.33401080172688,29.188161146131403,0.5,0.5,0.5,hdfl_xgb_FullyConnected_topology_ton_traffic_metrics_2.0_normal_fuzzers_loss50.csv,HDFL
unsw,FullyConnected,0.1,4,87.57888433784677,37.527873531452634,0,0,0,hdfl_xgb_FullyConnected_topology_unsw_traffic_metrics_0.1_normal_dos_reconnaissance_loss0.csv,HDFL
unsw,FullyConnected,0.1,4,78.93841773383467,34.74385003918111,0.1,0.1,0.1,hdfl_xgb_FullyConnected_topology_unsw_traffic_metrics_0.1_normal_dos_reconnaissance_loss10.csv,HDFL
unsw,FullyConnected,0.1,4,98.79091700089364,45.097406759339016,0.3,0.3,0.3,hdfl_xgb_FullyConnected_topology_unsw_traffic_metrics_0.1_normal_dos_reconnaissance_loss30.csv,HDFL
unsw,FullyConnected,0.1,4,70.35035563389897,36.532606905516104,0.5,0.5,0.5,hdfl_xgb_FullyConnected_topology_unsw_traffic_metrics_0.1_normal_dos_reconnaissance_loss50.csv,HDFL
unsw,FullyConnected,0.1,5,86.52636411612912,10.64153582870818,0,0,0,hdfl_xgb_FullyConnected_topology_unsw_traffic_metrics_0.1_normal_exploits_loss0.csv,HDFL
unsw,FullyConnected,0.1,5,68.72666493205458,34.60787997069286,0.1,0.1,0.1,hdfl_xgb_FullyConnected_topology_unsw_traffic_metrics_0.1_normal_exploits_loss10.csv,HDFL
unsw,FullyConnected,0.1,5,57.2486629458032,30.09180072696634,0.3,0.3,0.3,hdfl_xgb_FullyConnected_topology_unsw_traffic_metrics_0.1_normal_exploits_loss30.csv,HDFL
unsw,FullyConnected,0.1,5,87.41186824689709,22.01785974007988,0.5,0.5,0.5,hdfl_xgb_FullyConnected_topology_unsw_traffic_metrics_0.1_normal_exploits_loss50.csv,HDFL
unsw,FullyConnected,0.3,10,58.67939017562551,10.453335859911048,0,0,0,hdfl_xgb_FullyConnected_topology_unsw_traffic_metrics_0.3_normal_dos_reconnaissance_loss0.csv,HDFL
unsw,FullyConnected,0.3,10,78.02495153398198,45.50126510737632,0.1,0.1,0.1,hdfl_xgb_FullyConnected_topology_unsw_traffic_metrics_0.3_normal_dos_reconnaissance_loss10.csv,HDFL
unsw,FullyConnected,0.3,10,85.13175266975965,28.956568453994997,0.3,0.3,0.3,hdfl_xgb_FullyConnected_topology_unsw_traffic_metrics_0.3_normal_dos_reconnaissance_loss30.csv,HDFL
unsw,FullyConnected,0.3,10,71.48110308391401,48.05086984330601,0.5,0.5,0.5,hdfl_xgb_FullyConnected_topology_unsw_traffic_metrics_0.3_normal_dos_reconnaissance_loss50.csv,HDFL
unsw,FullyConnected,0.3,9,58.89945538841944,18.94062436586733,0,0,0,hdfl_xgb_FullyConnected_topology_unsw_traffic_metrics_0.3_normal_exploits_loss0.csv,HDFL
unsw,FullyConnected,0.3,9,64.45556251483941,22.578296792087414,0.1,0.1,0.1,hdfl_xgb_FullyConnected_topology_unsw_traffic_metrics_0.3_normal_exploits_loss10.csv,HDFL
unsw,FullyConnected,0.3,9,87.39773242070397,15.088740721155045,0.3,0.3,0.3,hdfl_xgb_FullyConnected_topology_unsw_traffic_metrics_0.3_normal_exploits_loss30.csv,HDFL
unsw,FullyConnected,0.3,9,60.95836676003055,15.704128700079698,0.5,0.5,0.5,hdfl_xgb_FullyConnected_topology_unsw_traffic_metrics_0.3_normal_exploits_loss50.csv,HDFL
unsw,FullyConnected,0.5,8,66.45904109961444,14.99093437071403,0,0,0,hdfl_xgb_FullyConnected_topology_unsw_traffic_metrics_0.5_normal_dos_reconnaissance_loss0.csv,HDFL
unsw,FullyConnected,0.5,8,66.22584705182805,37.42146225966881,0.1,0.1,0.1,hdfl_xgb_FullyConnected_topology_unsw_traffic_metrics_0.5_normal_dos_reconnaissance_loss10.csv,HDFL
unsw,FullyConnected,0.5,8,90.34841814334912,34.58062541283686,0.3,0.3,0.3,hdfl_xgb_FullyConnected_topology_unsw_traffic_metrics_0.5_normal_dos_reconnaissance_loss30.csv,HDFL
unsw,FullyConnected,0.5,8,52.288178025838455,21.086761519395814,0.5,0.5,0.5,hdfl_xgb_FullyConnected_topology_unsw_traffic_metrics_0.5_normal_dos_reconnaissance_loss50.csv,HDFL
unsw,FullyConnected,0.5,8,84.28722491903707,47.10934390805958,0,0,0,hdfl_xgb_FullyConnected_topology_unsw_traffic_metrics_0.5_normal_exploits_loss0.csv,HDFL
unsw,FullyConnected,0.5,8,71.30501600630319,33.56628671773697,0.1,0.1,0.1,hdfl_xgb_FullyConnected_topology_unsw_traffic_metrics_0.5_normal_exploits_loss10.csv,HDFL
unsw,FullyConnected,0.5,8,59.41299369482176,46.82927564265262,0.3,0.3,0.3,hdfl_xgb_FullyConnected_topology_unsw_traffic_metrics_0.5_normal_exploits_loss30.csv,HDFL
unsw,FullyConnected,0.5,8,98.63104259395608,13.22194111637173,0.5,0.5,0.5,hdfl_xgb_FullyConnected_topology_unsw_traffic_metrics_0.5_normal_exploits_loss50.csv,HDFL
unsw,FullyConnected,1,10,60.10545737660537,17.0412815696871,0,0,0,hdfl_xgb_FullyConnected_topology_unsw_traffic_metrics_1.0_normal_dos_reconnaissance_loss0.csv,HDFL
unsw,FullyConnected,1,10,87.4191023981488,30.93789660612623,0.1,0.1,0.1,hdfl_xgb_FullyConnected_topology_unsw_traffic_metrics_1.0_normal_dos_reconnaissance_loss10.csv,HDFL
unsw,FullyConnected,1,10,70.55177411810746,34.995580271486816,0.3,0.3,0.3,hdfl_xgb_FullyConnected_topology_unsw_traffic_metrics_1.0_normal_dos_reconnaissance_loss30.csv,HDFL
unsw,FullyConnected,1,10,60.02164921982164,43.29592787077758,0.5,0.5,0.5,hdfl_xgb_FullyConnected_topology_unsw_traffic_metrics_1.0_normal_dos_reconnaissance_loss50.csv,HDFL
unsw,FullyConnected,1,6,70.96944808091581,16.545668148431698,0,0,0,hdfl_xgb_FullyConnected_topology_unsw_traffic_metrics_1.0_normal_exploits_loss0.csv,HDFL
unsw,FullyConnected,1,10,67.37527309115544,45.2077717042744,0.1,0.1,0.1,hdfl_xgb_FullyConnected_topology_unsw_traffic_metrics_1.0_normal_exploits_loss10.csv,HDFL
unsw,FullyConnected,1,10,98.75586295980672,26.960365682301735,0.3,0.3,0.3,hdfl_xgb_FullyConnected_topology_unsw_traffic_metrics_1.0_normal_exploits_loss30.csv,HDFL
unsw,FullyConnected,1,10,88.37036595092616,43.02711392722493,0.5,0.5,0.5,hdfl_xgb_FullyConnected_topology_unsw_traffic_metrics_1.0_normal_exploits_loss50.csv,HDFL
unsw,FullyConnected,2,10,87.08429101287408,36.21873404885319,0,0,0,hdfl_xgb_FullyConnected_topology_unsw_traffic_metrics_2.0_normal_dos_reconnaissance_loss0.csv,HDFL
unsw,FullyConnected,2,10,62.8923564767501,22.56181172507823,0.1,0.1,0.1,hdfl_xgb_FullyConnected_topology_unsw_traffic_metrics_2.0_normal_dos_reconnaissance_loss10.csv,HDFL
unsw,FullyConnected,2,10,76.56358564772698,12.545694571132804,0.3,0.3,0.3,hdfl_xgb_FullyConnected_topology_unsw_traffic_metrics_2.0_normal_dos_reconnaissance_loss30.csv,HDFL
unsw,FullyConnected,2,10,79.10441550944218,17.68632814975774,0.5,0.5,0.5,hdfl_xgb_FullyConnected_topology_unsw_traffic_metrics_2.0_normal_dos_reconnaissance_loss50.csv,HDFL
unsw,FullyConnected,2,10,64.05559766021959,48.31996851330166,0,0,0,hdfl_xgb_FullyConnected_topology_unsw_traffic_metrics_2.0_normal_exploits_loss0.csv,HDFL
unsw,FullyConnected,2,10,89.96368386895834,49.472974721926406,0.1,0.1,0.1,hdfl_xgb_FullyConnected_topology_unsw_traffic_metrics_2.0_normal_exploits_loss10.csv,HDFL
unsw,FullyConnected,2,10,76.13729433386645,48.92995832315784,0.3,0.3,0.3,hdfl_xgb_FullyConnected_topology_unsw_traffic_metrics_2.0_normal_exploits_loss30.csv,HDFL
unsw,FullyConnected,2,10,84.44476326375806,30.239696431843555,0.5,0.5,0.5,hdfl_xgb_FullyConnected_topology_unsw_traffic_metrics_2.0_normal_exploits_loss50.csv,HDFL
cic,Random,0.1,5,54.261444870678666,22.81866690307776,0,0,0,hdfl_xgb_Random_topology_cic_traffic_metrics_0.1_normal_dos_reconnaissance_loss0.csv,HDFL
cic,Random,0.1,5,77.63721481232372,48.621671447531845,0.1,0.1,0.1,hdfl_xgb_Random_topology_cic_traffic_metrics_0.1_normal_dos_reconnaissance_loss10.csv,HDFL
cic,Random,0.1,5,85.51273173160769,31.486156805259764,0.3,0.3,0.3,hdfl_xgb_Random_topology_cic_traffic_metrics_0.1_normal_dos_reconnaissance_loss30.csv,HDFL
cic,Random,0.1,5,89.1992951409155,21.913945590853537,0.5,0.5,0.5,hdfl_xgb_Random_topology_cic_traffic_metrics_0.1_normal_dos_reconnaissance_loss50.csv,HDFL
cic,Random,0.1,4,98.19353062679896,38.223780906341446,0,0,0,hdfl_xgb_Random_topology_cic_traffic_metrics_0.1_normal_exploits_loss0.csv,HDFL
cic,Random,0.1,4,58.840617192529834,29.863158456033258,0.1,0.1,0.1,hdfl_xgb_Random_topology_cic_traffic_metrics_0.1_normal_exploits_loss10.csv,HDFL
cic,Random,0.1,4,73.90724436151072,16.78784540620277,0.3,0.3,0.3,hdfl_xgb_Random_topology_cic_traffic_metrics_0.1_normal_exploits_loss30.csv,HDFL
cic,Random,0.1,4,60.6908717341679,17.053485189544183,0.5,0.5,0.5,hdfl_xgb_Random_topology_cic_traffic_metrics_0.1_normal_exploits_loss50.csv,HDFL
cic,Random,0.1,5,68.9178110380457,44.663031864517144,0,0,0,hdfl_xgb_Random_topology_cic_traffic_metrics_0.1_normal_fuzzers_loss0.csv,HDFL
cic,Random,0.1,5,54.28683348830084,29.52446365933135,0.1,0.1,0.1,hdfl_xgb_Random_topology_cic_traffic_metrics_0.1_normal_fuzzers_loss10.csv,HDFL
cic,Random,0.1,5,92.86646168964624,36.00962754448812,0.3,0.3,0.3,hdfl_xgb_Random_topology_cic_traffic_metrics_0.1_normal_fuzzers_loss30.csv,HDFL
cic,Random,0.1,5,94.02074545535214,33.46457733884336,0.5,0.5,0.5,hdfl_xgb_Random_topology_cic_traffic_metrics_0.1_normal_fuzzers_loss50.csv,HDFL
cic,Random,0.3,8,72.10670539871944,18.57755858180461,0,0,0,hdfl_xgb_Random_topology_cic_traffic_metrics_0.3_normal_dos_reconnaissance_loss0.csv,HDFL
cic,Random,0.3,8,61.7976036193688,19.81817976103793,0.1,0.1,0.1,hdfl_xgb_Random_topology_cic_traffic_metrics_0.3_normal_dos_reconnaissance_loss10.csv,HDFL
cic,Random,0.3,8,70.48554585888405,27.123520674650024,0.3,0.3,0.3,hdfl_xgb_Random_topology_cic_traffic_metrics_0.3_normal_dos_reconnaissance_loss30.csv,HDFL
cic,Random,0.3,8,80.4214663164868,38.73570565726797,0.5,0.5,0.5,hdfl_xgb_Random_topology_cic_traffic_metrics_0.3_normal_dos_reconnaissance_loss50.csv,HDFL
cic,Random,0.3,8,72.63678505157593,48.50119070417452,0,0,0,hdfl_xgb_Random_topology_cic_traffic_metrics_0.3_normal_exploits_loss0.csv,HDFL
cic,Random,0.3,8,60.2887789523224,27.46424562936209,0.1,0.1,0.1,hdfl_xgb_Random_topology_cic_traffic_metrics_0.3_normal_exploits_loss10.csv,HDFL
cic,Random,0.3,8,85.0536351174222,42.512365761098344,0.3,0.3,0.3,hdfl_xgb_Random_topology_cic_traffic_metrics_0.3_normal_exploits_loss30.csv,HDFL
cic,Random,0.3,8,60.20982295410673,24.46419643290288,0.5,0.5,0.5,hdfl_xgb_Random_topology_cic_traffic_metrics_0.3_normal_exploits_loss50.csv,HDFL
cic,Random,0.3,7,89.00260183593957,41.24678682961806,0,0,0,hdfl_xgb_Random_topology_cic_traffic_metrics_0.3_normal_fuzzers_loss0.csv,HDFL
cic,Random,0.3,7,62.47765965337089,48.405633858206464,0.1,0.1,0.1,hdfl_xgb_Random_topology_cic_traffic_metrics_0.3_normal_fuzzers_loss10.csv,HDFL
cic,Random,0.3,7,85.2915469858649,20.18314224744406,0.3,0.3,0.3,hdfl_xgb_Random_topology_cic_traffic_metrics_0.3_normal_fuzzers_loss30.csv,HDFL
cic,Random,0.3,7,85.25766107691955,44.64491323393904,0.5,0.5,0.5,hdfl_xgb_Random_topology_cic_traffic_metrics_0.3_normal_fuzzers_loss50.csv,HDFL
cic,Random,0.5,10,51.4667575885856,42.653959373907455,0,0,0,hdfl_xgb_Random_topology_cic_traffic_metrics_0.5_normal_dos_reconnaissance_loss0.csv,HDFL
cic,Random,0.5,10,73.28666427168989,21.431861144736047,0.1,0.1,0.1,hdfl_xgb_Random_topology_cic_traffic_metrics_0.5_normal_dos_reconnaissance_loss10.csv,HDFL
cic,Random,0.5,10,78.29414352754685,49.88252354852905,0.3,0.3,0.3,hdfl_xgb_Random_topology_cic_traffic_metrics_0.5_normal_dos_reconnaissance_loss30.csv,HDFL
cic,Random,0.5,10,75.48596199710568,18.46375838482337,0.5,0.5,0.5,hdfl_xgb_Random_topology_cic_traffic_metrics_0.5_normal_dos_reconnaissance_loss50.csv,HDFL
cic,Random,0.5,10,84.58875119744923,41.30145244562862,0,0,0,hdfl_xgb_Random_topology_cic_traffic_metrics_0.5_normal_exploits_loss0.csv,HDFL
cic,Random,0.5,10,93.98478478151036,34.068503443917336,0.1,0.1,0.1,hdfl_xgb_Random_topology_cic_traffic_metrics_0.5_normal_exploits_loss10.csv,HDFL
cic,Random,0.5,10,64.94121120816152,29.40548239574386,0.3,0.3,0.3,hdfl_xgb_Random_topology_cic_traffic_metrics_0.5_normal_exploits_loss30.csv,HDFL
cic,Random,0.5,10,57.89226648091777,36.93798792366496,0.5,0.5,0.5,hdfl_xgb_Random_topology_cic_traffic_metrics_0.5_normal_exploits_loss50.csv,HDFL
cic,Random,0.5,10,74.77506599530656,23.25117680593662,0,0,0,hdfl_xgb_Random_topology_cic_traffic_metrics_0.5_normal_fuzzers_loss0.csv,HDFL
cic,Random,0.5,10,82.22480444450744,14.329384170387502,0.1,0.1,0.1,hdfl_xgb_Random_topology_cic_traffic_metrics_0.5_normal_fuzzers_loss10.csv,HDFL
cic,Random,0.5,10,91.73287470421316,32.61891150280903,0.3,0.3,0.3,hdfl_xgb_Random_topology_cic_traffic_metrics_0.5_normal_fuzzers_loss30.csv,HDFL
cic,Random,0.5,10,73.95143817302923,16.725311423675656,0.5,0.5,0.5,hdfl_xgb_Random_topology_cic_traffic_metrics_0.5_normal_fuzzers_loss50.csv,HDFL
cic,Random,1,8,66.22145993004504,12.73531697996328,0,0,0,hdfl_xgb_Random_topology_cic_traffic_metrics_1.0_normal_dos_reconnaissance_loss0.csv,HDFL
cic,Random,1,8,94.0501645200816,33.53953979690205,0.1,0.1,0.1,hdfl_xgb_Random_topology_cic_traffic_metrics_1.0_normal_dos_reconnaissance_loss10.csv,HDFL
cic,Random,1,8,67.36823184454309,45.92199979537894,0.3,0.3,0.3,hdfl_xgb_Random_topology_cic_traffic_metrics_1.0_normal_dos_reconnaissance_loss30.csv,HDFL
cic,Random,1,8,71.19963285644849,18.99915007778608,0.5,0.5,0.5,hdfl_xgb_Random_topology_cic_traffic_metrics_1.0_normal_dos_reconnaissance_loss50.csv,HDFL
cic,Random,1,8,70.38154498932187,41.63641967783131,0,0,0,hdfl_xgb_Random_topology_cic_traffic_metrics_1.0_normal_exploits_loss0.csv,HDFL
cic,Random,1,8,89.53235600063061,17.63836690180351,0.1,0.1,0.1,hdfl_xgb_Random_topology_cic_traffic_metrics_1.0_normal_exploits_loss10.csv,HDFL
cic,Random,1,8,71.87894807263977,17.53549459346099,0.3,0.3,0.3,hdfl_xgb_Random_topology_cic_traffic_metrics_1.0_normal_exploits_loss30.csv,HDFL
cic,Random,1,8,69.93313645393731,39.31295017171813,0.5,0.5,0.5,hdfl_xgb_Random_topology_cic_traffic_metrics_1.0_normal_exploits_loss50.csv,HDFL
cic,Random,1,8,65.45607196777158,21.45439692744715,0,0,0,hdfl_xgb_Random_topology_cic_traffic_metrics_1.0_normal_fuzzers_loss0.csv,HDFL
cic,Random,1,8,50.790070178991336,29.966424236894348,0.1,0.1,0.1,hdfl_xgb_Random_topology_cic_traffic_metrics_1.0_normal_fuzzers_loss10.csv,HDFL
cic,Random,1,8,85.86245862127683,24.14226091432543,0.3,0.3,0.3,hdfl_xgb_Random_topology_cic_traffic_metrics_1.0_normal_fuzzers_loss30.csv,HDFL
cic,Random,1,8,56.41095532183342,45.91636859905117,0.5,0.5,0.5,hdfl_xgb_Random_topology_cic_traffic_metrics_1.0_normal_fuzzers_loss50.csv,HDFL
cic,Random,2,10,70.3828732419487,39.493208763032186,0,0,0,hdfl_xgb_Random_topology_cic_traffic_metrics_2.0_normal_dos_reconnaissance_loss0.csv,HDFL
cic,Random,2,10,65.06227966811942,38.9228517508416,0.1,0.1,0.1,hdfl_xgb_Random_topology_cic_traffic_metrics_2.0_normal_dos_reconnaissance_loss10.csv,HDFL
cic,Random,2,10,56.8341287713781,22.100987260317577,0.3,0.3,0.3,hdfl_xgb_Random_topology_cic_traffic_metrics_2.0_normal_dos_reconnaissance_loss30.csv,HDFL
cic,Random,2,10,78.68034905680489,43.200461085049405,0.5,0.5,0.5,hdfl_xgb_Random_topology_cic_traffic_metrics_2.0_normal_dos_reconnaissance_loss50.csv,HDFL
cic,Random,2,10,90.31163324617474,36.719915020518435,0,0,0,hdfl_xgb_Random_topology_cic_traffic_metrics_2.0_normal_exploits_loss0.csv,HDFL
cic,Random,2,10,64.27118695525809,25.954155277876723,0.1,0.1,0.1,hdfl_xgb_Random_topology_cic_traffic_metrics_2.0_normal_exploits_loss10.csv,HDFL
cic,Random,2,10,74.49577604450893,19.78575194102891,0.3,0.3,0.3,hdfl_xgb_Random_topology_cic_traffic_metrics_2.0_normal_exploits_loss30.csv,HDFL
cic,Random,2,10,63.64089599417831,29.52901227903621,0.5,0.5,0.5,hdfl_xgb_Random_topology_cic_traffic_metrics_2.0_normal_exploits_loss50.csv,HDFL
cic,Random,2,10,72.4496772914607,11.29196683960066,0,0,0,hdfl_xgb_Random_topology_cic_traffic_metrics_2.0_normal_fuzzers_loss0.csv,HDFL
cic,Random,2,10,55.01939013845354,44.649120950946696,0.1,0.1,0.1,hdfl_xgb_Random_topology_cic_traffic_metrics_2.0_normal_fuzzers_loss10.csv,HDFL
cic,Random,2,10,62.00465031114487,13.178442990494972,0.3,0.3,0.3,hdfl_xgb_Random_topology_cic_traffic_metrics_2.0_normal_fuzzers_loss30.csv,HDFL
cic,Random,2,10,93.30323752316376,31.215875518274995,0.5,0.5,0.5,hdfl_xgb_Random_topology_cic_traffic_metrics_2.0_normal_fuzzers_loss50.csv,HDFL
ton,Random,0.1,6,87.36905344258753,47.42673455135084,0,0,0,hdfl_xgb_Random_topology_ton_traffic_metrics_0.1_normal_dos_reconnaissance_loss0.csv,HDFL
ton,Random,0.1,6,50.54171481952158,22.599140786907185,0.1,0.1,0.1,hdfl_xgb_Random_topology_ton_traffic_metrics_0.1_normal_dos_reconnaissance_loss10.csv,HDFL
ton,Random,0.1,6,69.32341892653454,22.144829159394117,0.3,0.3,0.3,hdfl_xgb_Random_topology_ton_traffic_metrics_0.1_normal_dos_reconnaissance_loss30.csv,HDFL
ton,Random,0.1,6,73.42171532249371,45.614802687020315,0.5,0.5,0.5,hdfl_xgb_Random_topology_ton_traffic_metrics_0.1_normal_dos_reconnaissance_loss50.csv,HDFL
ton,Random,0.1,5,59.64020980562246,22.39690132208558,0,0,0,hdfl_xgb_Random_topology_ton_traffic_metrics_0.1_normal_exploits_loss0.csv,HDFL
ton,Random,0.1,5,61.16761374665023,41.79914081046043,0.1,0.1,0.1,hdfl_xgb_Random_topology_ton_traffic_metrics_0.1_normal_exploits_loss10.csv,HDFL
ton,Random,0.1,5,62.14918520849205,49.197483543570854,0.3,0.3,0.3,hdfl_xgb_Random_topology_ton_traffic_metrics_0.1_normal_exploits_loss30.csv,HDFL
ton,Random,0.1,5,88.28045521447339,28.12727100907423,0.5,0.5,0.5,hdfl_xgb_Random_topology_ton_traffic_metrics_0.1_normal_exploits_loss50.csv,HDFL
ton,Random,0.1,5,96.97902916329758,23.967372866435262,0,0,0,hdfl_xgb_Random_topology_ton_traffic_metrics_0.1_normal_fuzzers_loss0.csv,HDFL
ton,Random,0.1,5,70.61186853315324,24.589972420740956,0.1,0.1,0.1,hdfl_xgb_Random_topology_ton_traffic_metrics_0.1_normal_fuzzers_loss10.csv,HDFL
ton,Random,0.1,5,84.76609317885541,14.545181390973546,0.3,0.3,0.3,hdfl_xgb_Random_topology_ton_traffic_metrics_0.1_normal_fuzzers_loss30.csv,HDFL
ton,Random,0.1,5,52.02363162691885,44.16146254540398,0.5,0.5,0.5,hdfl_xgb_Random_topology_ton_traffic_metrics_0.1_normal_fuzzers_loss50.csv,HDFL
ton,Random,0.3,9,54.58720687938111,36.101796309943424,0,0,0,hdfl_xgb_Random_topology_ton_traffic_metrics_0.3_normal_dos_reconnaissance_loss0.csv,HDFL
ton,Random,0.3,9,68.85695080921138,49.23056933109721,0.1,0.1,0.1,hdfl_xgb_Random_topology_ton_traffic_metrics_0.3_normal_dos_reconnaissance_loss10.csv,HDFL
ton,Random,0.3,9,87.1333267666746,29.835518922835973,0.3,0.3,0.3,hdfl_xgb_Random_topology_ton_traffic_metrics_0.3_normal_dos_reconnaissance_loss30.csv,HDFL
ton,Random,0.3,9,91.7257429234721,46.05475775545586,0.5,0.5,0.5,hdfl_xgb_Random_topology_ton_traffic_metrics_0.3_normal_dos_reconnaissance_loss50.csv,HDFL
ton,Random,0.3,10,83.45546482992322,10.64472829660088,0,0,0,hdfl_xgb_Random_topology_ton_traffic_metrics_0.3_normal_exploits_loss0.csv,HDFL
ton,Random,0.3,10,87.58501575895428,32.65970096758876,0.1,0.1,0.1,hdfl_xgb_Random_topology_ton_traffic_metrics_0.3_normal_exploits_loss10.csv,HDFL
ton,Random,0.3,10,78.58314832348863,17.764478555822585,0.3,0.3,0.3,hdfl_xgb_Random_topology_ton_traffic_metrics_0.3_normal_exploits_loss30.csv,HDFL
ton,Random,0.3,10,81.0521664212448,13.667298659240156,0.5,0.5,0.5,hdfl_xgb_Random_topology_ton_traffic_metrics_0.3_normal_exploits_loss50.csv,HDFL
ton,Random,0.3,10,95.26169282848156,13.983054668369972,0,0,0,hdfl_xgb_Random_topology_ton_traffic_metrics_0.3_normal_fuzzers_loss0.csv,HDFL
ton,Random,0.3,10,97.29428721472289,31.817414539066423,0.1,0.1,0.1,hdfl_xgb_Random_topology_ton_traffic_metrics_0.3_normal_fuzzers_loss10.csv,HDFL
ton,Random,0.3,10,68.79886623954684,33.12092012797349,0.3,0.3,0.3,hdfl_xgb_Random_topology_ton_traffic_metrics_0.3_normal_fuzzers_loss30.csv,HDFL
ton,Random,0.3,10,87.42446262847544,40.69712059229527,0.5,0.5,0.5,hdfl_xgb_Random_topology_ton_traffic_metrics_0.3_normal_fuzzers_loss50.csv,HDFL
ton,Random,0.5,10,93.22523582176171,17.881677276126986,0,0,0,hdfl_xgb_Random_topology_ton_traffic_metrics_0.5_normal_dos_reconnaissance_loss0.csv,HDFL
ton,Random,0.5,10,60.18249890085187,25.891603177480704,0.1,0.1,0.1,hdfl_xgb_Random_topology_ton_traffic_metrics_0.5_normal_dos_reconnaissance_loss10.csv,HDFL
ton,Random,0.5,10,79.72654727803013,31.72920600920383,0.3,0.3,0.3,hdfl_xgb_Random_topology_ton_traffic_metrics_0.5_normal_dos_reconnaissance_loss30.csv,HDFL
ton,Random,0.5,10,91.60495653289944,35.31468149836628,0.5,0.5,0.5,hdfl_xgb_Random_topology_ton_traffic_metrics_0.5_normal_dos_reconnaissance_loss50.csv,HDFL
ton,Random,0.5,10,65.80497131606518,19.631088279471896,0,0,0,hdfl_xgb_Random_topology_ton_traffic_metrics_0.5_normal_exploits_loss0.csv,HDFL
ton,Random,0.5,10,84.23039437461324,47.36210518624941,0.1,0.1,0.1,hdfl_xgb_Random_topology_ton_traffic_metrics_0.5_normal_exploits_loss10.csv,HDFL
ton,Random,0.5,10,65.19099289462363,21.57932493968483,0.3,0.3,0.3,hdfl_xgb_Random_topology_ton_traffic_metrics_0.5_normal_exploits_loss30.csv,HDFL
ton,Random,0.5,10,75.49931929661248,28.98495002999276,0.5,0.5,0.5,hdfl_xgb_Random_topology_ton_traffic_metrics_0.5_normal_exploits_loss50.csv,HDFL
ton,Random,0.5,10,61.1626590284261,48.85504951010544,0,0,0,hdfl_xgb_Random_topology_ton_traffic_metrics_0.5_normal_fuzzers_loss0.csv,HDFL
ton,Random,0.5,10,63.14303859450055,27.678527714784956,0.1,0.1,0.1,hdfl_xgb_Random_topology_ton_traffic_metrics_0.5_normal_fuzzers_loss10.csv,HDFL
ton,Random,0.5,10,71.89530040535817,16.90821426557902,0.3,0.3,0.3,hdfl_xgb_Random_topology_ton_traffic_metrics_0.5_normal_fuzzers_loss30.csv,HDFL
ton,Random,0.5,10,96.11065344402716,36.85395243843378,0.5,0.5,0.5,hdfl_xgb_Random_topology_ton_traffic_metrics_0.5_normal_fuzzers_loss50.csv,HDFL
ton,Random,1,10,93.70248302516922,49.8480675057882,0,0,0,hdfl_xgb_Random_topology_ton_traffic_metrics_1.0_normal_dos_reconnaissance_loss0.csv,HDFL
ton,Random,1,10,60.54333317497772,20.33276403533145,0.1,0.1,0.1,hdfl_xgb_Random_topology_ton_traffic_metrics_1.0_normal_dos_reconnaissance_loss10.csv,HDFL
ton,Random,1,10,77.18724482442435,46.71972219332971,0.3,0.3,0.3,hdfl_xgb_Random_topology_ton_traffic_metrics_1.0_normal_dos_reconnaissance_loss30.csv,HDFL
ton,Random,1,10,98.03563462341654,16.81480690206778,0.5,0.5,0.5,hdfl_xgb_Random_topology_ton_traffic_metrics_1.0_normal_dos_reconnaissance_loss50.csv,HDFL
ton,Random,1,10,98.5745722730139,14.94686770640631,0,0,0,hdfl_xgb_Random_topology_ton_traffic_metrics_1.0_normal_exploits_loss0.csv,HDFL
ton,Random,1,10,74.65976055014482,19.98796582674593,0.1,0.1,0.1,hdfl_xgb_Random_topology_ton_traffic_metrics_1.0_normal_exploits_loss10.csv,HDFL
ton,Random,1,10,56.21889511808071,18.85413867751325,0.3,0.3,0.3,hdfl_xgb_Random_topology_ton_traffic_metrics_1.0_normal_exploits_loss30.csv,HDFL
ton,Random,1,10,57.31256399609981,49.792822856830654,0.5,0.5,0.5,hdfl_xgb_Random_topology_ton_traffic_metrics_1.0_normal_exploits_loss50.csv,HDFL
ton,Random,1,10,73.99447478071862,35.91584055436539,0,0,0,hdfl_xgb_Random_topology_ton_traffic_metrics_1.0_normal_fuzzers_loss0.csv,HDFL
ton,Random,1,10,63.55538534967897,26.524028904372926,0.1,0.1,0.1,hdfl_xgb_Random_topology_ton_traffic_metrics_1.0_normal_fuzzers_loss10.csv,HDFL
ton,Random,1,10,65.74003459205582,21.20788616624079,0.3,0.3,0.3,hdfl_xgb_Random_topology_ton_traffic_metrics_1.0_normal_fuzzers_loss30.csv,HDFL
ton,Random,1,10,54.71401209423601,41.14369488376063,0.5,0.5,0.5,hdfl_xgb_Random_topology_ton_traffic_metrics_1.0_normal_fuzzers_loss50.csv,HDFL
ton,Random,2,10,54.88356461627559,37.79142386513119,0,0,0,hdfl_xgb_Random_topology_ton_traffic_metrics_2.0_normal_dos_reconnaissance_loss0.csv,HDFL
ton,Random,2,10,67.45699224034126,24.716661510215523,0.1,0.1,0.1,hdfl_xgb_Random_topology_ton_traffic_metrics_2.0_normal_dos_reconnaissance_loss10.csv,HDFL
ton,Random,2,10,88.18487539516397,42.39462026689062,0.3,0.3,0.3,hdfl_xgb_Random_topology_ton_traffic_metrics_2.0_normal_dos_reconnaissance_loss30.csv,HDFL
ton,Random,2,10,72.32898590778217,46.570148337579745,0.5,0.5,0.5,hdfl_xgb_Random_topology_ton_traffic_metrics_2.0_normal_dos_reconnaissance_loss50.csv,HDFL
ton,Random,2,10,70.75456464196083,22.69932289716725,0,0,0,hdfl_xgb_Random_topology_ton_traffic_metrics_2.0_normal_exploits_loss0.csv,HDFL
ton,Random,2,10,93.43452525757642,27.03942300979692,0.1,0.1,0.1,hdfl_xgb_Random_topology_ton_traffic_metrics_2.0_normal_exploits_loss10.csv,HDFL
ton,Random,2,10,61.21741167120897,12.81150695505718,0.3,0.3,0.3,hdfl_xgb_Random_topology_ton_traffic_metrics_2.0_normal_exploits_loss30.csv,HDFL
ton,Random,2,10,88.4794543850164,47.687037013528986,0.5,0.5,0.5,hdfl_xgb_Random_topology_ton_traffic_metrics_2.0_normal_exploits_loss50.csv,HDFL
ton,Random,2,10,59.20219073491698,39.52602101641549,0,0,0,hdfl_xgb_Random_topology_ton_traffic_metrics_2.0_normal_fuzzers_loss0.csv,HDFL
ton,Random,2,10,51.851866683397866,34.60623282091399,0.1,0.1,0.1,hdfl_xgb_Random_topology_ton_traffic_metrics_2.0_normal_fuzzers_loss10.csv,HDFL
ton,Random,2,10,75.65774238723331,17.27513421365525,0.3,0.3,0.3,hdfl_xgb_Random_topology_ton_traffic_metrics_2.0_normal_fuzzers_loss30.csv,HDFL
ton,Random,2,10,54.397593742214056,14.932336408988526,0.5,0.5,0.5,hdfl_xgb_Random_topology_ton_traffic_metrics_2.0_normal_fuzzers_loss50.csv,HDFL
unsw,Random,0.1,4,61.936768173359525,12.871883906605872,0,0,0,hdfl_xgb_Random_topology_unsw_traffic_metrics_0.1_normal_dos_reconnaissance_loss0.csv,HDFL
unsw,Random,0.1,4,56.08187238481359,12.669180441933468,0.1,0.1,0.1,hdfl_xgb_Random_topology_unsw_traffic_metrics_0.1_normal_dos_reconnaissance_loss10.csv,HDFL
unsw,Random,0.1,4,52.48529055901054,34.46796365570551,0.3,0.3,0.3,hdfl_xgb_Random_topology_unsw_traffic_metrics_0.1_normal_dos_reconnaissance_loss30.csv,HDFL
unsw,Random,0.1,4,94.01960051959264,24.443215381541663,0.5,0.5,0.5,hdfl_xgb_Random_topology_unsw_traffic_metrics_0.1_normal_dos_reconnaissance_loss50.csv,HDFL
unsw,Random,0.1,5,99.24163538958544,25.16164418079307,0,0,0,hdfl_xgb_Random_topology_unsw_traffic_metrics_0.1_normal_exploits_loss0.csv,HDFL
unsw,Random,0.1,5,73.86611877360757,21.470058310134704,0.1,0.1,0.1,hdfl_xgb_Random_topology_unsw_traffic_metrics_0.1_normal_exploits_loss10.csv,HDFL
unsw,Random,0.1,5,55.58119369453494,40.27206312196426,0.3,0.3,0.3,hdfl_xgb_Random_topology_unsw_traffic_metrics_0.1_normal_exploits_loss30.csv,HDFL
unsw,Random,0.1,5,97.40691444207968,47.64272845186029,0.5,0.5,0.5,hdfl_xgb_Random_topology_unsw_traffic_metrics_0.1_normal_exploits_loss50.csv,HDFL
unsw,Random,0.3,10,68.65574964479599,12.333746052248776,0,0,0,hdfl_xgb_Random_topology_unsw_traffic_metrics_0.3_normal_dos_reconnaissance_loss0.csv,HDFL
unsw,Random,0.3,10,88.55321867751644,38.657917963261475,0.1,0.1,0.1,hdfl_xgb_Random_topology_unsw_traffic_metrics_0.3_normal_dos_reconnaissance_loss10.csv,HDFL
unsw,Random,0.3,10,95.68130845400728,41.83127293827176,0.3,0.3,0.3,hdfl_xgb_Random_topology_unsw_traffic_metrics_0.3_normal_dos_reconnaissance_loss30.csv,HDFL
unsw,Random,0.3,10,92.89945128868878,18.827944249179296,0.5,0.5,0.5,hdfl_xgb_Random_topology_unsw_traffic_metrics_0.3_normal_dos_reconnaissance_loss50.csv,HDFL
unsw,Random,0.3,9,86.20914429941081,24.72163477990009,0,0,0,hdfl_xgb_Random_topology_unsw_traffic_metrics_0.3_normal_exploits_loss0.csv,HDFL
unsw,Random,0.3,9,94.38313441098126,26.49517884345319,0.1,0.1,0.1,hdfl_xgb_Random_topology_unsw_traffic_metrics_0.3_normal_exploits_loss10.csv,HDFL
unsw,Random,0.3,9,83.40248867308024,19.069992623020635,0.3,0.3,0.3,hdfl_xgb_Random_topology_unsw_traffic_metrics_0.3_normal_exploits_loss30.csv,HDFL
unsw,Random,0.3,9,96.89656844486768,19.79263168419232,0.5,0.5,0.5,hdfl_xgb_Random_topology_unsw_traffic_metrics_0.3_normal_exploits_loss50.csv,HDFL
unsw,Random,0.5,8,55.4212807816431,42.03657051534983,0,0,0,hdfl_xgb_Random_topology_unsw_traffic_metrics_0.5_normal_dos_reconnaissance_loss0.csv,HDFL
unsw,Random,0.5,8,67.8734996884498,28.815727270220822,0.1,0.1,0.1,hdfl_xgb_Random_topology_unsw_traffic_metrics_0.5_normal_dos_reconnaissance_loss10.csv,HDFL
unsw,Random,0.5,8,92.37963424074678,11.78718916756858,0.3,0.3,0.3,hdfl_xgb_Random_topology_unsw_traffic_metrics_0.5_normal_dos_reconnaissance_loss30.csv,HDFL
unsw,Random,0.5,8,97.69050135336474,48.5215574534264,0.5,0.5,0.5,hdfl_xgb_Random_topology_unsw_traffic_metrics_0.5_normal_dos_reconnaissance_loss50.csv,HDFL
unsw,Random,0.5,8,72.16036186211973,49.5070739777088,0,0,0,hdfl_xgb_Random_topology_unsw_traffic_metrics_0.5_normal_exploits_loss0.csv,HDFL
unsw,Random,0.5,8,86.40901726281177,43.55993525931058,0.1,0.1,0.1,hdfl_xgb_Random_topology_unsw_traffic_metrics_0.5_normal_exploits_loss10.csv,HDFL
unsw,Random,0.5,8,95.3381752361934,17.69857396782129,0.3,0.3,0.3,hdfl_xgb_Random_topology_unsw_traffic_metrics_0.5_normal_exploits_loss30.csv,HDFL
unsw,Random,0.5,8,81.99585147371103,22.28825610369079,0.5,0.5,0.5,hdfl_xgb_Random_topology_unsw_traffic_metrics_0.5_normal_exploits_loss50.csv,HDFL
unsw,Random,1,10,80.15307920345707,27.93289463624424,0,0,0,hdfl_xgb_Random_topology_unsw_traffic_metrics_1.0_normal_dos_reconnaissance_loss0.csv,HDFL
unsw,Random,1,10,63.88795802965099,21.952545009837287,0.1,0.1,0.1,hdfl_xgb_Random_topology_unsw_traffic_metrics_1.0_normal_dos_reconnaissance_loss10.csv,HDFL
unsw,Random,1,10,95.24797521120117,39.26585020369119,0.3,0.3,0.3,hdfl_xgb_Random_topology_unsw_traffic_metrics_1.0_normal_dos_reconnaissance_loss30.csv,HDFL
unsw,Random,1,6,95.90010518962076,25.099068267334623,0.5,0.5,0.5,hdfl_xgb_Random_topology_unsw_traffic_metrics_1.0_normal_dos_reconnaissance_loss50.csv,HDFL
unsw,Random,1,6,92.40225761235308,25.77116402382442,0,0,0,hdfl_xgb_Random_topology_unsw_traffic_metrics_1.0_normal_exploits_loss0.csv,HDFL
unsw,Random,1,6,52.97836147677116,42.78305428534557,0.1,0.1,0.1,hdfl_xgb_Random_topology_unsw_traffic_metrics_1.0_normal_exploits_loss10.csv,HDFL
unsw,Random,1,10,72.9504192345558,27.820121605186905,0.3,0.3,0.3,hdfl_xgb_Random_topology_unsw_traffic_metrics_1.0_normal_exploits_loss30.csv,HDFL
unsw,Random,1,10,84.07451487831526,23.654962608555493,0.5,0.5,0.5,hdfl_xgb_Random_topology_unsw_traffic_metrics_1.0_normal_exploits_loss50.csv,HDFL
unsw,Random,2,10,74.46664139189483,30.783056414558803,0,0,0,hdfl_xgb_Random_topology_unsw_traffic_metrics_2.0_normal_dos_reconnaissance_loss0.csv,HDFL
unsw,Random,2,10,76.54918476402021,46.13779615274068,0.1,0.1,0.1,hdfl_xgb_Random_topology_unsw_traffic_metrics_2.0_normal_dos_reconnaissance_loss10.csv,HDFL
unsw,Random,2,10,89.65764909497278,19.824617520818,0.3,0.3,0.3,hdfl_xgb_Random_topology_unsw_traffic_metrics_2.0_normal_dos_reconnaissance_loss30.csv,HDFL
unsw,Random,2,10,72.26979988185627,27.730527516015687,0.5,0.5,0.5,hdfl_xgb_Random_topology_unsw_traffic_metrics_2.0_normal_dos_reconnaissance_loss50.csv,HDFL
unsw,Random,2,10,94.62187054047152,16.546964848574376,0,0,0,hdfl_xgb_Random_topology_unsw_traffic_metrics_2.0_normal_exploits_loss0.csv,HDFL
unsw,Random,2,10,70.87291022320312,49.676815167107854,0.1,0.1,0.1,hdfl_xgb_Random_topology_unsw_traffic_metrics_2.0_normal_exploits_loss10.csv,HDFL
unsw,Random,2,10,73.24949075734104,10.529225974047767,0.3,0.3,0.3,hdfl_xgb_Random_topology_unsw_traffic_metrics_2.0_normal_exploits_loss30.csv,HDFL
unsw,Random,2,10,51.90377669468593,48.40899285753375,0.5,0.5,0.5,hdfl_xgb_Random_topology_unsw_traffic_metrics_2.0_normal_exploits_loss50.csv,HDFL
cic,Ring,0.1,5,93.8063426870264,24.17273971586472,0,0,0,hdfl_xgb_Ring_topology_cic_traffic_metrics_0.1_normal_dos_reconnaissance_loss0.csv,HDFL
cic,Ring,0.1,5,92.61671438695124,35.394462511247454,0.1,0.1,0.1,hdfl_xgb_Ring_topology_cic_traffic_metrics_0.1_normal_dos_reconnaissance_loss10.csv,HDFL
cic,Ring,0.1,5,87.23710652795026,17.537430542370878,0.3,0.3,0.3,hdfl_xgb_Ring_topology_cic_traffic_metrics_0.1_normal_dos_reconnaissance_loss30.csv,HDFL
cic,Ring,0.1,5,96.97390937302993,41.69934364688421,0.5,0.5,0.5,hdfl_xgb_Ring_topology_cic_traffic_metrics_0.1_normal_dos_reconnaissance_loss50.csv,HDFL
cic,Ring,0.1,4,98.09902216328672,31.79284605335044,0,0,0,hdfl_xgb_Ring_topology_cic_traffic_metrics_0.1_normal_exploits_loss0.csv,HDFL
cic,Ring,0.1,4,64.63478741624267,12.026796246021108,0.1,0.1,0.1,hdfl_xgb_Ring_topology_cic_traffic_metrics_0.1_normal_exploits_loss10.csv,HDFL
cic,Ring,0.1,4,81.49182729273458,33.79188231753916,0.3,0.3,0.3,hdfl_xgb_Ring_topology_cic_traffic_metrics_0.1_normal_exploits_loss30.csv,HDFL
cic,Ring,0.1,4,97.5346856973829,49.99100365655356,0.5,0.5,0.5,hdfl_xgb_Ring_topology_cic_traffic_metrics_0.1_normal_exploits_loss50.csv,HDFL
cic,Ring,0.1,5,55.999456343890856,35.88387672096028,0,0,0,hdfl_xgb_Ring_topology_cic_traffic_metrics_0.1_normal_fuzzers_loss0.csv,HDFL
cic,Ring,0.1,5,85.92433139425026,26.731460631698617,0.1,0.1,0.1,hdfl_xgb_Ring_topology_cic_traffic_metrics_0.1_normal_fuzzers_loss10.csv,HDFL
cic,Ring,0.1,5,87.55503780719994,25.92607924206473,0.3,0.3,0.3,hdfl_xgb_Ring_topology_cic_traffic_metrics_0.1_normal_fuzzers_loss30.csv,HDFL
cic,Ring,0.1,5,96.8386010256827,44.4808217440801,0.5,0.5,0.5,hdfl_xgb_Ring_topology_cic_traffic_metrics_0.1_normal_fuzzers_loss50.csv,HDFL
cic,Ring,0.3,8,79.11179036147092,10.595475827030274,0,0,0,hdfl_xgb_Ring_topology_cic_traffic_metrics_0.3_normal_dos_reconnaissance_loss0.csv,HDFL
cic,Ring,0.3,8,98.68691888322184,29.923163316271634,0.1,0.1,0.1,hdfl_xgb_Ring_topology_cic_traffic_metrics_0.3_normal_dos_reconnaissance_loss10.csv,HDFL
cic,Ring,0.3,8,95.0188171665871,11.9340534917781,0.3,0.3,0.3,hdfl_xgb_Ring_topology_cic_traffic_metrics_0.3_normal_dos_reconnaissance_loss30.csv,HDFL
cic,Ring,0.3,8,85.28323209887222,10.709623228843434,0.5,0.5,0.5,hdfl_xgb_Ring_topology_cic_traffic_metrics_0.3_normal_dos_reconnaissance_loss50.csv,HDFL
cic,Ring,0.3,8,56.170484578434795,23.284934609957077,0,0,0,hdfl_xgb_Ring_topology_cic_traffic_metrics_0.3_normal_exploits_loss0.csv,HDFL
cic,Ring,0.3,8,54.965974940535105,38.7450542738789,0.1,0.1,0.1,hdfl_xgb_Ring_topology_cic_traffic_metrics_0.3_normal_exploits_loss10.csv,HDFL
cic,Ring,0.3,8,58.03993163041562,29.562242216187222,0.3,0.3,0.3,hdfl_xgb_Ring_topology_cic_traffic_metrics_0.3_normal_exploits_loss30.csv,HDFL
cic,Ring,0.3,8,73.28400120190283,44.30321266418052,0.5,0.5,0.5,hdfl_xgb_Ring_topology_cic_traffic_metrics_0.3_normal_exploits_loss50.csv,HDFL
cic,Ring,0.3,7,75.09710390999885,14.032627282830958,0,0,0,hdfl_xgb_Ring_topology_cic_traffic_metrics_0.3_normal_fuzzers_loss0.csv,HDFL
cic,Ring,0.3,7,84.93100294025874,43.2805227410496,0.1,0.1,0.1,hdfl_xgb_Ring_topology_cic_traffic_metrics_0.3_normal_fuzzers_loss10.csv,HDFL
cic,Ring,0.3,7,92.31584348271112,28.488847249587153,0.3,0.3,0.3,hdfl_xgb_Ring_topology_cic_traffic_metrics_0.3_normal_fuzzers_loss30.csv,HDFL
cic,Ring,0.3,7,90.0988347256885,35.303827921435555,0.5,0.5,0.5,hdfl_xgb_Ring_topology_cic_traffic_metrics_0.3_normal_fuzzers_loss50.csv,HDFL
cic,Ring,0.5,10,53.36727752341986,18.37495638004721,0,0,0,hdfl_xgb_Ring_topology_cic_traffic_metrics_0.5_normal_dos_reconnaissance_loss0.csv,HDFL
cic,Ring,0.5,10,74.20928480192232,35.82636588443008,0.1,0.1,0.1,hdfl_xgb_Ring_topology_cic_traffic_metrics_0.5_normal_dos_reconnaissance_loss10.csv,HDFL
cic,Ring,0.5,10,69.65280693931301,24.710433410750163,0.3,0.3,0.3,hdfl_xgb_Ring_topology_cic_traffic_metrics_0.5_normal_dos_reconnaissance_loss30.csv,HDFL
cic,Ring,0.5,10,56.05731085230792,37.52609335547797,0.5,0.5,0.5,hdfl_xgb_Ring_topology_cic_traffic_metrics_0.5_normal_dos_reconnaissance_loss50.csv,HDFL
cic,Ring,0.5,10,92.34380507526664,38.6274359975954,0,0,0,hdfl_xgb_Ring_topology_cic_traffic_metrics_0.5_normal_exploits_loss0.csv,HDFL
cic,Ring,0.5,10,89.05842811267513,38.85126335453481,0.1,0.1,0.1,hdfl_xgb_Ring_topology_cic_traffic_metrics_0.5_normal_exploits_loss10.csv,HDFL
cic,Ring,0.5,10,63.207698918464935,37.222607443934066,0.3,0.3,0.3,hdfl_xgb_Ring_topology_cic_traffic_metrics_0.5_normal_exploits_loss30.csv,HDFL
cic,Ring,0.5,10,74.89608929904558,29.757651187168378,0.5,0.5,0.5,hdfl_xgb_Ring_topology_cic_traffic_metrics_0.5_normal_exploits_loss50.csv,HDFL
cic,Ring,0.5,10,93.21364096647152,39.21935605488068,0,0,0,hdfl_xgb_Ring_topology_cic_traffic_metrics_0.5_normal_fuzzers_loss0.csv,HDFL
cic,Ring,0.5,10,54.495240018332154,42.84676549511176,0.1,0.1,0.1,hdfl_xgb_Ring_topology_cic_traffic_metrics_0.5_normal_fuzzers_loss10.csv,HDFL
cic,Ring,0.5,10,68.215610699143,22.936441795179533,0.3,0.3,0.3,hdfl_xgb_Ring_topology_cic_traffic_metrics_0.5_normal_fuzzers_loss30.csv,HDFL
cic,Ring,0.5,10,75.42909273240632,34.04945689145814,0.5,0.5,0.5,hdfl_xgb_Ring_topology_cic_traffic_metrics_0.5_normal_fuzzers_loss50.csv,HDFL
cic,Ring,1,8,67.4520253459462,30.511018091291852,0,0,0,hdfl_xgb_Ring_topology_cic_traffic_metrics_1.0_normal_dos_reconnaissance_loss0.csv,HDFL
cic,Ring,1,8,99.4441325305815,45.321079372402494,0.1,0.1,0.1,hdfl_xgb_Ring_topology_cic_traffic_metrics_1.0_normal_dos_reconnaissance_loss10.csv,HDFL
cic,Ring,1,8,73.11428820491192,46.04427623694998,0.3,0.3,0.3,hdfl_xgb_Ring_topology_cic_traffic_metrics_1.0_normal_dos_reconnaissance_loss30.csv,HDFL
cic,Ring,1,8,55.22209661882573,39.22345831560416,0.5,0.5,0.5,hdfl_xgb_Ring_topology_cic_traffic_metrics_1.0_normal_dos_reconnaissance_loss50.csv,HDFL
cic,Ring,1,8,51.13303453018847,41.70186821593447,0,0,0,hdfl_xgb_Ring_topology_cic_traffic_metrics_1.0_normal_exploits_loss0.csv,HDFL
cic,Ring,1,8,73.53875889272109,26.085759121536967,0.1,0.1,0.1,hdfl_xgb_Ring_topology_cic_traffic_metrics_1.0_normal_exploits_loss10.csv,HDFL
cic,Ring,1,8,84.37428439317476,11.815594209790046,0.3,0.3,0.3,hdfl_xgb_Ring_topology_cic_traffic_metrics_1.0_normal_exploits_loss30.csv,HDFL
cic,Ring,1,8,65.11078528084103,10.518790294267406,0.5,0.5,0.5,hdfl_xgb_Ring_topology_cic_traffic_metrics_1.0_normal_exploits_loss50.csv,HDFL
cic,Ring,1,8,89.69251523777788,41.35222905070831,0,0,0,hdfl_xgb_Ring_topology_cic_traffic_metrics_1.0_normal_fuzzers_loss0.csv,HDFL
cic,Ring,1,8,90.01321361207827,12.64409895049413,0.1,0.1,0.1,hdfl_xgb_Ring_topology_cic_traffic_metrics_1.0_normal_fuzzers_loss10.csv,HDFL
cic,Ring,1,8,81.65741703266129,33.680358710483205,0.3,0.3,0.3,hdfl_xgb_Ring_topology_cic_traffic_metrics_1.0_normal_fuzzers_loss30.csv,HDFL
cic,Ring,1,8,80.23374103701451,10.526809792174507,0.5,0.5,0.5,hdfl_xgb_Ring_topology_cic_traffic_metrics_1.0_normal_fuzzers_loss50.csv,HDFL
cic,Ring,2,10,95.12807690095416,35.37630553373882,0,0,0,hdfl_xgb_Ring_topology_cic_traffic_metrics_2.0_normal_dos_reconnaissance_loss0.csv,HDFL
cic,Ring,2,10,85.51351193518275,21.908303494885757,0.1,0.1,0.1,hdfl_xgb_Ring_topology_cic_traffic_metrics_2.0_normal_dos_reconnaissance_loss10.csv,HDFL
cic,Ring,2,10,63.27347992932515,19.694947240521977,0.3,0.3,0.3,hdfl_xgb_Ring_topology_cic_traffic_metrics_2.0_normal_dos_reconnaissance_loss30.csv,HDFL
cic,Ring,2,10,54.852095915045894,27.5937406262328,0.5,0.5,0.5,hdfl_xgb_Ring_topology_cic_traffic_metrics_2.0_normal_dos_reconnaissance_loss50.csv,HDFL
cic,Ring,2,10,85.37054231847878,41.76808600477429,0,0,0,hdfl_xgb_Ring_topology_cic_traffic_metrics_2.0_normal_exploits_loss0.csv,HDFL
cic,Ring,2,10,98.55514576642004,28.78767862005408,0.1,0.1,0.1,hdfl_xgb_Ring_topology_cic_traffic_metrics_2.0_normal_exploits_loss10.csv,HDFL
cic,Ring,2,10,63.55861856382589,19.184066650360492,0.3,0.3,0.3,hdfl_xgb_Ring_topology_cic_traffic_metrics_2.0_normal_exploits_loss30.csv,HDFL
cic,Ring,2,10,76.71345895154742,21.389734122861427,0.5,0.5,0.5,hdfl_xgb_Ring_topology_cic_traffic_metrics_2.0_normal_exploits_loss50.csv,HDFL
cic,Ring,2,10,95.93360644755434,16.65346435247717,0,0,0,hdfl_xgb_Ring_topology_cic_traffic_metrics_2.0_normal_fuzzers_loss0.csv,HDFL
cic,Ring,2,10,57.01216638596835,44.79978663192229,0.1,0.1,0.1,hdfl_xgb_Ring_topology_cic_traffic_metrics_2.0_normal_fuzzers_loss10.csv,HDFL
cic,Ring,2,10,81.17739761694801,29.194801918979245,0.3,0.3,0.3,hdfl_xgb_Ring_topology_cic_traffic_metrics_2.0_normal_fuzzers_loss30.csv,HDFL
cic,Ring,2,10,80.46751407810092,20.750970823619216,0.5,0.5,0.5,hdfl_xgb_Ring_topology_cic_traffic_metrics_2.0_normal_fuzzers_loss50.csv,HDFL
ton,Ring,0.1,6,53.32549763045627,17.37171244142988,0,0,0,hdfl_xgb_Ring_topology_ton_traffic_metrics_0.1_normal_dos_reconnaissance_loss0.csv,HDFL
ton,Ring,0.1,6,75.13172569574053,39.598827257301735,0.1,0.1,0.1,hdfl_xgb_Ring_topology_ton_traffic_metrics_0.1_normal_dos_reconnaissance_loss10.csv,HDFL
ton,Ring,0.1,6,80.70310331523055,13.009026390266092,0.3,0.3,0.3,hdfl_xgb_Ring_topology_ton_traffic_metrics_0.1_normal_dos_reconnaissance_loss30.csv,HDFL
ton,Ring,0.1,6,62.581859833723854,27.90150997712303,0.5,0.5,0.5,hdfl_xgb_Ring_topology_ton_traffic_metrics_0.1_normal_dos_reconnaissance_loss50.csv,HDFL
ton,Ring,0.1,5,67.3879492463301,49.472853495269746,0,0,0,hdfl_xgb_Ring_topology_ton_traffic_metrics_0.1_normal_exploits_loss0.csv,HDFL
ton,Ring,0.1,5,66.31186845666042,42.1919372178249,0.1,0.1,0.1,hdfl_xgb_Ring_topology_ton_traffic_metrics_0.1_normal_exploits_loss10.csv,HDFL
ton,Ring,0.1,5,77.6671244481727,26.970491421576167,0.3,0.3,0.3,hdfl_xgb_Ring_topology_ton_traffic_metrics_0.1_normal_exploits_loss30.csv,HDFL
ton,Ring,0.1,5,68.45109404039316,27.1992177810445,0.5,0.5,0.5,hdfl_xgb_Ring_topology_ton_traffic_metrics_0.1_normal_exploits_loss50.csv,HDFL
ton,Ring,0.1,5,59.73173425957167,31.08437304526843,0,0,0,hdfl_xgb_Ring_topology_ton_traffic_metrics_0.1_normal_fuzzers_loss0.csv,HDFL
ton,Ring,0.1,5,61.528069102750074,46.131950890091225,0.1,0.1,0.1,hdfl_xgb_Ring_topology_ton_traffic_metrics_0.1_normal_fuzzers_loss10.csv,HDFL
ton,Ring,0.1,5,67.55194791183357,43.38462965460113,0.3,0.3,0.3,hdfl_xgb_Ring_topology_ton_traffic_metrics_0.1_normal_fuzzers_loss30.csv,HDFL
ton,Ring,0.1,5,97.48658416139928,28.394368582163235,0.5,0.5,0.5,hdfl_xgb_Ring_topology_ton_traffic_metrics_0.1_normal_fuzzers_loss50.csv,HDFL
ton,Ring,0.3,9,68.30403034013834,32.385886032471305,0,0,0,hdfl_xgb_Ring_topology_ton_traffic_metrics_0.3_normal_dos_reconnaissance_loss0.csv,HDFL
ton,Ring,0.3,9,93.26979561518392,14.179006760202808,0.1,0.1,0.1,hdfl_xgb_Ring_topology_ton_traffic_metrics_0.3_normal_dos_reconnaissance_loss10.csv,HDFL
ton,Ring,0.3,9,81.5669140778652,30.540194611980688,0.3,0.3,0.3,hdfl_xgb_Ring_topology_ton_traffic_metrics_0.3_normal_dos_reconnaissance_loss30.csv,HDFL
ton,Ring,0.3,9,99.71843338411978,14.34820189451671,0.5,0.5,0.5,hdfl_xgb_Ring_topology_ton_traffic_metrics_0.3_normal_dos_reconnaissance_loss50.csv,HDFL
ton,Ring,0.3,10,68.2015731088606,25.980823788125484,0,0,0,hdfl_xgb_Ring_topology_ton_traffic_metrics_0.3_normal_exploits_loss0.csv,HDFL
ton,Ring,0.3,10,76.49639382952782,43.15446742330698,0.1,0.1,0.1,hdfl_xgb_Ring_topology_ton_traffic_metrics_0.3_normal_exploits_loss10.csv,HDFL
ton,Ring,0.3,10,82.50746444957507,40.556035363018395,0.3,0.3,0.3,hdfl_xgb_Ring_topology_ton_traffic_metrics_0.3_normal_exploits_loss30.csv,HDFL
ton,Ring,0.3,10,54.53225237387326,12.59422664278894,0.5,0.5,0.5,hdfl_xgb_Ring_topology_ton_traffic_metrics_0.3_normal_exploits_loss50.csv,HDFL
ton,Ring,0.3,10,93.65167435669017,28.77544717018538,0,0,0,hdfl_xgb_Ring_topology_ton_traffic_metrics_0.3_normal_fuzzers_loss0.csv,HDFL
ton,Ring,0.3,10,62.123689661349914,29.47486772521104,0.1,0.1,0.1,hdfl_xgb_Ring_topology_ton_traffic_metrics_0.3_normal_fuzzers_loss10.csv,HDFL
ton,Ring,0.3,10,61.05578090378657,44.56471740820938,0.3,0.3,0.3,hdfl_xgb_Ring_topology_ton_traffic_metrics_0.3_normal_fuzzers_loss30.csv,HDFL
ton,Ring,0.3,10,93.6107392438373,44.42498650422225,0.5,0.5,0.5,hdfl_xgb_Ring_topology_ton_traffic_metrics_0.3_normal_fuzzers_loss50.csv,HDFL
ton,Ring,0.5,10,93.58255126251092,27.43776282682867,0,0,0,hdfl_xgb_Ring_topology_ton_traffic_metrics_0.5_normal_dos_reconnaissance_loss0.csv,HDFL
ton,Ring,0.5,10,94.93761359326732,26.55570759075415,0.1,0.1,0.1,hdfl_xgb_Ring_topology_ton_traffic_metrics_0.5_normal_dos_reconnaissance_loss10.csv,HDFL
ton,Ring,0.5,10,78.71052851158107,40.68028952783229,0.3,0.3,0.3,hdfl_xgb_Ring_topology_ton_traffic_metrics_0.5_normal_dos_reconnaissance_loss30.csv,HDFL
ton,Ring,0.5,10,52.93710811390845,21.726728575354223,0.5,0.5,0.5,hdfl_xgb_Ring_topology_ton_traffic_metrics_0.5_normal_dos_reconnaissance_loss50.csv,HDFL
ton,Ring,0.5,10,93.90314392346922,20.805230275460225,0,0,0,hdfl_xgb_Ring_topology_ton_traffic_metrics_0.5_normal_exploits_loss0.csv,HDFL
ton,Ring,0.5,10,73.36645097785686,12.05754424566868,0.1,0.1,0.1,hdfl_xgb_Ring_topology_ton_traffic_metrics_0.5_normal_exploits_loss10.csv,HDFL
ton,Ring,0.5,10,76.27097688543961,33.84845392603145,0.3,0.3,0.3,hdfl_xgb_Ring_topology_ton_traffic_metrics_0.5_normal_exploits_loss30.csv,HDFL
ton,Ring,0.5,10,52.161636031692304,15.649613140913722,0.5,0.5,0.5,hdfl_xgb_Ring_topology_ton_traffic_metrics_0.5_normal_exploits_loss50.csv,HDFL
ton,Ring,0.5,10,88.2281485059859,15.028017467784354,0,0,0,hdfl_xgb_Ring_topology_ton_traffic_metrics_0.5_normal_fuzzers_loss0.csv,HDFL
ton,Ring,0.5,10,74.80809711739957,25.872488854931525,0.1,0.1,0.1,hdfl_xgb_Ring_topology_ton_traffic_metrics_0.5_normal_fuzzers_loss10.csv,HDFL
ton,Ring,0.5,10,63.434784587156486,40.45806181564125,0.3,0.3,0.3,hdfl_xgb_Ring_topology_ton_traffic_metrics_0.5_normal_fuzzers_loss30.csv,HDFL
ton,Ring,0.5,10,60.03014939150464,27.332560529264484,0.5,0.5,0.5,hdfl_xgb_Ring_topology_ton_traffic_metrics_0.5_normal_fuzzers_loss50.csv,HDFL
ton,Ring,1,10,86.76775622033139,44.70228794580757,0,0,0,hdfl_xgb_Ring_topology_ton_traffic_metrics_1.0_normal_dos_reconnaissance_loss0.csv,HDFL
ton,Ring,1,10,76.138122840916,16.356582907855483,0.1,0.1,0.1,hdfl_xgb_Ring_topology_ton_traffic_metrics_1.0_normal_dos_reconnaissance_loss10.csv,HDFL
ton,Ring,1,10,79.60113339859373,44.26836124615151,0.3,0.3,0.3,hdfl_xgb_Ring_topology_ton_traffic_metrics_1.0_normal_dos_reconnaissance_loss30.csv,HDFL
ton,Ring,1,10,57.80172633034551,43.55899566990959,0.5,0.5,0.5,hdfl_xgb_Ring_topology_ton_traffic_metrics_1.0_normal_dos_reconnaissance_loss50.csv,HDFL
ton,Ring,1,10,66.10498781290477,11.604211814644362,0,0,0,hdfl_xgb_Ring_topology_ton_traffic_metrics_1.0_normal_exploits_loss0.csv,HDFL
ton,Ring,1,10,85.44607371650275,34.282697461026935,0.1,0.1,0.1,hdfl_xgb_Ring_topology_ton_traffic_metrics_1.0_normal_exploits_loss10.csv,HDFL
ton,Ring,1,10,84.09833547293306,10.382350258136238,0.3,0.3,0.3,hdfl_xgb_Ring_topology_ton_traffic_metrics_1.0_normal_exploits_loss30.csv,HDFL
ton,Ring,1,10,75.43527680510826,12.882050840832973,0.5,0.5,0.5,hdfl_xgb_Ring_topology_ton_traffic_metrics_1.0_normal_exploits_loss50.csv,HDFL
ton,Ring,1,10,98.26805115831516,40.09831032491465,0,0,0,hdfl_xgb_Ring_topology_ton_traffic_metrics_1.0_normal_fuzzers_loss0.csv,HDFL
ton,Ring,1,10,76.25096622986604,42.28153613675287,0.1,0.1,0.1,hdfl_xgb_Ring_topology_ton_traffic_metrics_1.0_normal_fuzzers_loss10.csv,HDFL
ton,Ring,1,10,99.42844233453845,43.11153778254238,0.3,0.3,0.3,hdfl_xgb_Ring_topology_ton_traffic_metrics_1.0_normal_fuzzers_loss30.csv,HDFL
ton,Ring,1,10,68.97256314430751,25.68617553121916,0.5,0.5,0.5,hdfl_xgb_Ring_topology_ton_traffic_metrics_1.0_normal_fuzzers_loss50.csv,HDFL
ton,Ring,2,10,53.43672813187335,48.52906408121829,0,0,0,hdfl_xgb_Ring_topology_ton_traffic_metrics_2.0_normal_dos_reconnaissance_loss0.csv,HDFL
ton,Ring,2,10,68.02883331398941,41.54789563003117,0.1,0.1,0.1,hdfl_xgb_Ring_topology_ton_traffic_metrics_2.0_normal_dos_reconnaissance_loss10.csv,HDFL
ton,Ring,2,10,56.065041247166214,40.444147753853976,0.3,0.3,0.3,hdfl_xgb_Ring_topology_ton_traffic_metrics_2.0_normal_dos_reconnaissance_loss30.csv,HDFL
ton,Ring,2,10,87.79412437393992,23.85533913544674,0.5,0.5,0.5,hdfl_xgb_Ring_topology_ton_traffic_metrics_2.0_normal_dos_reconnaissance_loss50.csv,HDFL
ton,Ring,2,10,61.48443757785084,42.38483056880124,0,0,0,hdfl_xgb_Ring_topology_ton_traffic_metrics_2.0_normal_exploits_loss0.csv,HDFL
ton,Ring,2,10,50.471016211100945,27.02656221540478,0.1,0.1,0.1,hdfl_xgb_Ring_topology_ton_traffic_metrics_2.0_normal_exploits_loss10.csv,HDFL
ton,Ring,2,10,52.60985575257784,30.242916873713792,0.3,0.3,0.3,hdfl_xgb_Ring_topology_ton_traffic_metrics_2.0_normal_exploits_loss30.csv,HDFL
ton,Ring,2,10,55.940016778180755,30.35657486689793,0.5,0.5,0.5,hdfl_xgb_Ring_topology_ton_traffic_metrics_2.0_normal_exploits_loss50.csv,HDFL
ton,Ring,2,10,62.05745477966883,16.098801984456696,0,0,0,hdfl_xgb_Ring_topology_ton_traffic_metrics_2.0_normal_fuzzers_loss0.csv,HDFL
ton,Ring,2,10,62.120263242442526,31.322909387530167,0.1,0.1,0.1,hdfl_xgb_Ring_topology_ton_traffic_metrics_2.0_normal_fuzzers_loss10.csv,HDFL
ton,Ring,2,10,84.94400296896063,28.40184463468646,0.3,0.3,0.3,hdfl_xgb_Ring_topology_ton_traffic_metrics_2.0_normal_fuzzers_loss30.csv,HDFL
ton,Ring,2,10,51.36654382601024,25.700008947546088,0.5,0.5,0.5,hdfl_xgb_Ring_topology_ton_traffic_metrics_2.0_normal_fuzzers_loss50.csv,HDFL
unsw,Ring,0.1,4,60.67543694780159,27.258365085543694,0,0,0,hdfl_xgb_Ring_topology_unsw_traffic_metrics_0.1_normal_dos_reconnaissance_loss0.csv,HDFL
unsw,Ring,0.1,4,56.97555453061598,44.19815677623658,0.1,0.1,0.1,hdfl_xgb_Ring_topology_unsw_traffic_metrics_0.1_normal_dos_reconnaissance_loss10.csv,HDFL
unsw,Ring,0.1,4,97.5716913400258,35.85343967676217,0.3,0.3,0.3,hdfl_xgb_Ring_topology_unsw_traffic_metrics_0.1_normal_dos_reconnaissance_loss30.csv,HDFL
unsw,Ring,0.1,4,98.90921115663625,21.62459681372824,0.5,0.5,0.5,hdfl_xgb_Ring_topology_unsw_traffic_metrics_0.1_normal_dos_reconnaissance_loss50.csv,HDFL
unsw,Ring,0.1,5,74.51238706997223,10.995019694295776,0,0,0,hdfl_xgb_Ring_topology_unsw_traffic_metrics_0.1_normal_exploits_loss0.csv,HDFL
unsw,Ring,0.1,5,52.237049299954144,18.413544142904755,0.1,0.1,0.1,hdfl_xgb_Ring_topology_unsw_traffic_metrics_0.1_normal_exploits_loss10.csv,HDFL
unsw,Ring,0.1,5,66.39494060026519,33.83292859479667,0.3,0.3,0.3,hdfl_xgb_Ring_topology_unsw_traffic_metrics_0.1_normal_exploits_loss30.csv,HDFL
unsw,Ring,0.1,5,63.64064241774719,37.61437496937121,0.5,0.5,0.5,hdfl_xgb_Ring_topology_unsw_traffic_metrics_0.1_normal_exploits_loss50.csv,HDFL
unsw,Ring,0.3,10,82.66037515398173,25.322290148234995,0,0,0,hdfl_xgb_Ring_topology_unsw_traffic_metrics_0.3_normal_dos_reconnaissance_loss0.csv,HDFL
unsw,Ring,0.3,10,70.51468285827517,37.597724412882,0.1,0.1,0.1,hdfl_xgb_Ring_topology_unsw_traffic_metrics_0.3_normal_dos_reconnaissance_loss10.csv,HDFL
unsw,Ring,0.3,10,73.09990345807014,15.491954564055217,0.3,0.3,0.3,hdfl_xgb_Ring_topology_unsw_traffic_metrics_0.3_normal_dos_reconnaissance_loss30.csv,HDFL
unsw,Ring,0.3,10,70.82727920765072,46.62618379462885,0.5,0.5,0.5,hdfl_xgb_Ring_topology_unsw_traffic_metrics_0.3_normal_dos_reconnaissance_loss50.csv,HDFL
unsw,Ring,0.3,9,70.01072599974606,37.13440875398391,0,0,0,hdfl_xgb_Ring_topology_unsw_traffic_metrics_0.3_normal_exploits_loss0.csv,HDFL
unsw,Ring,0.3,9,51.53528944977913,12.673839377882503,0.1,0.1,0.1,hdfl_xgb_Ring_topology_unsw_traffic_metrics_0.3_normal_exploits_loss10.csv,HDFL
unsw,Ring,0.3,9,54.40662051242198,31.534206793870293,0.3,0.3,0.3,hdfl_xgb_Ring_topology_unsw_traffic_metrics_0.3_normal_exploits_loss30.csv,HDFL
unsw,Ring,0.3,9,98.7956708003242,34.94460968799479,0.5,0.5,0.5,hdfl_xgb_Ring_topology_unsw_traffic_metrics_0.3_normal_exploits_loss50.csv,HDFL
unsw,Ring,0.5,8,84.30588618265784,12.03430258599445,0,0,0,hdfl_xgb_Ring_topology_unsw_traffic_metrics_0.5_normal_dos_reconnaissance_loss0.csv,HDFL
unsw,Ring,0.5,8,62.13986059253776,20.668245963938816,0.1,0.1,0.1,hdfl_xgb_Ring_topology_unsw_traffic_metrics_0.5_normal_dos_reconnaissance_loss10.csv,HDFL
unsw,Ring,0.5,8,96.73606909031918,49.56288291941418,0.3,0.3,0.3,hdfl_xgb_Ring_topology_unsw_traffic_metrics_0.5_normal_dos_reconnaissance_loss30.csv,HDFL
unsw,Ring,0.5,8,95.47911123592804,29.82311633342374,0.5,0.5,0.5,hdfl_xgb_Ring_topology_unsw_traffic_metrics_0.5_normal_dos_reconnaissance_loss50.csv,HDFL
unsw,Ring,0.5,8,81.49931901503827,25.754080171052166,0,0,0,hdfl_xgb_Ring_topology_unsw_traffic_metrics_0.5_normal_exploits_loss0.csv,HDFL
unsw,Ring,0.5,8,82.29935411431072,39.60059753917943,0.1,0.1,0.1,hdfl_xgb_Ring_topology_unsw_traffic_metrics_0.5_normal_exploits_loss10.csv,HDFL
unsw,Ring,0.5,8,70.53979088396576,25.52722815454411,0.3,0.3,0.3,hdfl_xgb_Ring_topology_unsw_traffic_metrics_0.5_normal_exploits_loss30.csv,HDFL
unsw,Ring,0.5,8,93.02150509236668,25.107893529552495,0.5,0.5,0.5,hdfl_xgb_Ring_topology_unsw_traffic_metrics_0.5_normal_exploits_loss50.csv,HDFL
unsw,Ring,1,10,96.2875281193987,25.594418412033185,0,0,0,hdfl_xgb_Ring_topology_unsw_traffic_metrics_1.0_normal_dos_reconnaissance_loss0.csv,HDFL
unsw,Ring,1,10,65.59231512701705,31.137827247406808,0.1,0.1,0.1,hdfl_xgb_Ring_topology_unsw_traffic_metrics_1.0_normal_dos_reconnaissance_loss10.csv,HDFL
unsw,Ring,1,10,79.58720456341038,17.772233745562094,0.3,0.3,0.3,hdfl_xgb_Ring_topology_unsw_traffic_metrics_1.0_normal_dos_reconnaissance_loss30.csv,HDFL
unsw,Ring,1,10,62.96102042514772,47.40417413050202,0.5,0.5,0.5,hdfl_xgb_Ring_topology_unsw_traffic_metrics_1.0_normal_dos_reconnaissance_loss50.csv,HDFL
unsw,Ring,1,6,52.49056347287285,12.51003134070848,0,0,0,hdfl_xgb_Ring_topology_unsw_traffic_metrics_1.0_normal_exploits_loss0.csv,HDFL
unsw,Ring,1,6,93.49797950016308,32.903788325660805,0.1,0.1,0.1,hdfl_xgb_Ring_topology_unsw_traffic_metrics_1.0_normal_exploits_loss10.csv,HDFL
unsw,Ring,1,6,84.13366456144854,38.365554227619725,0.3,0.3,0.3,hdfl_xgb_Ring_topology_unsw_traffic_metrics_1.0_normal_exploits_loss30.csv,HDFL
unsw,Ring,1,10,90.19575443569045,18.48230143665894,0.5,0.5,0.5,hdfl_xgb_Ring_topology_unsw_traffic_metrics_1.0_normal_exploits_loss50.csv,HDFL
unsw,Ring,2,10,76.73516773574333,26.688687544938972,0,0,0,hdfl_xgb_Ring_topology_unsw_traffic_metrics_2.0_normal_dos_reconnaissance_loss0.csv,HDFL
unsw,Ring,2,10,71.41071157740635,10.22394338797544,0.1,0.1,0.1,hdfl_xgb_Ring_topology_unsw_traffic_metrics_2.0_normal_dos_reconnaissance_loss10.csv,HDFL
unsw,Ring,2,10,56.65161053882557,26.764464650058382,0.3,0.3,0.3,hdfl_xgb_Ring_topology_unsw_traffic_metrics_2.0_normal_dos_reconnaissance_loss30.csv,HDFL
unsw,Ring,2,10,87.10673349908325,25.38504000023866,0.5,0.5,0.5,hdfl_xgb_Ring_topology_unsw_traffic_metrics_2.0_normal_dos_reconnaissance_loss50.csv,HDFL
unsw,Ring,2,10,77.0624679449431,34.43862950804232,0,0,0,hdfl_xgb_Ring_topology_unsw_traffic_metrics_2.0_normal_exploits_loss0.csv,HDFL
unsw,Ring,2,10,73.43129861062769,16.629189869501495,0.1,0.1,0.1,hdfl_xgb_Ring_topology_unsw_traffic_metrics_2.0_normal_exploits_loss10.csv,HDFL
unsw,Ring,2,10,60.32697003393227,46.68035573852264,0.3,0.3,0.3,hdfl_xgb_Ring_topology_unsw_traffic_metrics_2.0_normal_exploits_loss30.csv,HDFL
unsw,Ring,2,10,53.03886392688547,16.51802870524636,0.5,0.5,0.5,hdfl_xgb_Ring_topology_unsw_traffic_metrics_2.0_normal_exploits_loss50.csv,HDFL
cic,Star,0.1,5,68.30578465969565,47.42294926158024,0,0,0,hdfl_xgb_Star_topology_cic_traffic_metrics_0.1_normal_dos_reconnaissance_loss0.csv,HDFL
cic,Star,0.1,5,91.48805744043112,42.52285543023071,0.1,0.1,0.1,hdfl_xgb_Star_topology_cic_traffic_metrics_0.1_normal_dos_reconnaissance_loss10.csv,HDFL
cic,Star,0.1,5,60.498818636402795,20.356002641713204,0.3,0.3,0.3,hdfl_xgb_Star_topology_cic_traffic_metrics_0.1_normal_dos_reconnaissance_loss30.csv,HDFL
cic,Star,0.1,5,89.4415241531047,29.965274025584662,0.5,0.5,0.5,hdfl_xgb_Star_topology_cic_traffic_metrics_0.1_normal_dos_reconnaissance_loss50.csv,HDFL
cic,Star,0.1,4,72.53199303121286,42.96758287433942,0,0,0,hdfl_xgb_Star_topology_cic_traffic_metrics_0.1_normal_exploits_loss0.csv,HDFL
cic,Star,0.1,4,59.04003608971438,46.14601917330709,0.1,0.1,0.1,hdfl_xgb_Star_topology_cic_traffic_metrics_0.1_normal_exploits_loss10.csv,HDFL
cic,Star,0.1,4,65.39213303148264,10.965410831125908,0.3,0.3,0.3,hdfl_xgb_Star_topology_cic_traffic_metrics_0.1_normal_exploits_loss30.csv,HDFL
cic,Star,0.1,4,85.33187486862253,14.487555007193528,0.5,0.5,0.5,hdfl_xgb_Star_topology_cic_traffic_metrics_0.1_normal_exploits_loss50.csv,HDFL
cic,Star,0.1,5,92.47242635625848,34.86618011937671,0,0,0,hdfl_xgb_Star_topology_cic_traffic_metrics_0.1_normal_fuzzers_loss0.csv,HDFL
cic,Star,0.1,5,80.64896059133197,25.138252863644432,0.1,0.1,0.1,hdfl_xgb_Star_topology_cic_traffic_metrics_0.1_normal_fuzzers_loss10.csv,HDFL
cic,Star,0.1,5,70.4039273346497,48.06077256039614,0.3,0.3,0.3,hdfl_xgb_Star_topology_cic_traffic_metrics_0.1_normal_fuzzers_loss30.csv,HDFL
cic,Star,0.1,5,88.61006105296403,27.95553342543463,0.5,0.5,0.5,hdfl_xgb_Star_topology_cic_traffic_metrics_0.1_normal_fuzzers_loss50.csv,HDFL
cic,Star,0.3,8,98.73099046123546,20.911934095823487,0,0,0,hdfl_xgb_Star_topology_cic_traffic_metrics_0.3_normal_dos_reconnaissance_loss0.csv,HDFL
cic,Star,0.3,8,51.70274832913534,21.716180463512384,0.1,0.1,0.1,hdfl_xgb_Star_topology_cic_traffic_metrics_0.3_normal_dos_reconnaissance_loss10.csv,HDFL
cic,Star,0.3,8,77.04935802371867,47.81355348058241,0.3,0.3,0.3,hdfl_xgb_Star_topology_cic_traffic_metrics_0.3_normal_dos_reconnaissance_loss30.csv,HDFL
cic,Star,0.3,8,95.98213606130588,47.13799891344202,0.5,0.5,0.5,hdfl_xgb_Star_topology_cic_traffic_metrics_0.3_normal_dos_reconnaissance_loss50.csv,HDFL
cic,Star,0.3,8,76.36157820983316,48.191129215879734,0,0,0,hdfl_xgb_Star_topology_cic_traffic_metrics_0.3_normal_exploits_loss0.csv,HDFL
cic,Star,0.3,8,96.3055266261787,10.996282603179308,0.1,0.1,0.1,hdfl_xgb_Star_topology_cic_traffic_metrics_0.3_normal_exploits_loss10.csv,HDFL
cic,Star,0.3,8,70.1039356032287,10.003600744176966,0.3,0.3,0.3,hdfl_xgb_Star_topology_cic_traffic_metrics_0.3_normal_exploits_loss30.csv,HDFL
cic,Star,0.3,8,85.77530265424808,47.63426932829808,0.5,0.5,0.5,hdfl_xgb_Star_topology_cic_traffic_metrics_0.3_normal_exploits_loss50.csv,HDFL
cic,Star,0.3,7,57.86041052072876,19.495453475985833,0,0,0,hdfl_xgb_Star_topology_cic_traffic_metrics_0.3_normal_fuzzers_loss0.csv,HDFL
cic,Star,0.3,7,61.84207676408519,42.08766977906987,0.1,0.1,0.1,hdfl_xgb_Star_topology_cic_traffic_metrics_0.3_normal_fuzzers_loss10.csv,HDFL
cic,Star,0.3,7,58.51535122625348,37.58743284667867,0.3,0.3,0.3,hdfl_xgb_Star_topology_cic_traffic_metrics_0.3_normal_fuzzers_loss30.csv,HDFL
cic,Star,0.3,7,56.9357388018046,19.330763387617083,0.5,0.5,0.5,hdfl_xgb_Star_topology_cic_traffic_metrics_0.3_normal_fuzzers_loss50.csv,HDFL
cic,Star,0.5,10,86.79551022125898,47.544339747728614,0,0,0,hdfl_xgb_Star_topology_cic_traffic_metrics_0.5_normal_dos_reconnaissance_loss0.csv,HDFL
cic,Star,0.5,10,79.73704088246618,17.423751900533055,0.1,0.1,0.1,hdfl_xgb_Star_topology_cic_traffic_metrics_0.5_normal_dos_reconnaissance_loss10.csv,HDFL
cic,Star,0.5,10,71.4634328951153,43.25187960241773,0.3,0.3,0.3,hdfl_xgb_Star_topology_cic_traffic_metrics_0.5_normal_dos_reconnaissance_loss30.csv,HDFL
cic,Star,0.5,10,56.11169243286274,40.98258906303634,0.5,0.5,0.5,hdfl_xgb_Star_topology_cic_traffic_metrics_0.5_normal_dos_reconnaissance_loss50.csv,HDFL
cic,Star,0.5,10,83.27920212108967,13.905313736284072,0,0,0,hdfl_xgb_Star_topology_cic_traffic_metrics_0.5_normal_exploits_loss0.csv,HDFL
cic,Star,0.5,10,88.61416335218928,26.00288892656889,0.1,0.1,0.1,hdfl_xgb_Star_topology_cic_traffic_metrics_0.5_normal_exploits_loss10.csv,HDFL
cic,Star,0.5,10,90.7035698938746,11.083125589491017,0.3,0.3,0.3,hdfl_xgb_Star_topology_cic_traffic_metrics_0.5_normal_exploits_loss30.csv,HDFL
cic,Star,0.5,10,68.74142143612812,33.419203414191294,0.5,0.5,0.5,hdfl_xgb_Star_topology_cic_traffic_metrics_0.5_normal_exploits_loss50.csv,HDFL
cic,Star,0.5,10,62.49667862355791,17.41169038585141,0,0,0,hdfl_xgb_Star_topology_cic_traffic_metrics_0.5_normal_fuzzers_loss0.csv,HDFL
cic,Star,0.5,10,68.88443781004568,42.771063566891506,0.1,0.1,0.1,hdfl_xgb_Star_topology_cic_traffic_metrics_0.5_normal_fuzzers_loss10.csv,HDFL
cic,Star,0.5,10,64.8354794831683,20.965671960543133,0.3,0.3,0.3,hdfl_xgb_Star_topology_cic_traffic_metrics_0.5_normal_fuzzers_loss30.csv,HDFL
cic,Star,0.5,10,68.56450315925397,17.329760776793783,0.5,0.5,0.5,hdfl_xgb_Star_topology_cic_traffic_metrics_0.5_normal_fuzzers_loss50.csv,HDFL
cic,Star,1,8,99.8353495948599,10.370897953519052,0,0,0,hdfl_xgb_Star_topology_cic_traffic_metrics_1.0_normal_dos_reconnaissance_loss0.csv,HDFL
cic,Star,1,8,67.68281380064991,43.754745377281274,0.1,0.1,0.1,hdfl_xgb_Star_topology_cic_traffic_metrics_1.0_normal_dos_reconnaissance_loss10.csv,HDFL
cic,Star,1,8,74.1564254127963,37.10977463978145,0.3,0.3,0.3,hdfl_xgb_Star_topology_cic_traffic_metrics_1.0_normal_dos_reconnaissance_loss30.csv,HDFL
cic,Star,1,8,77.27384811265017,39.073260960522845,0.5,0.5,0.5,hdfl_xgb_Star_topology_cic_traffic_metrics_1.0_normal_dos_reconnaissance_loss50.csv,HDFL
cic,Star,1,8,90.63783412798202,34.70052667127827,0,0,0,hdfl_xgb_Star_topology_cic_traffic_metrics_1.0_normal_exploits_loss0.csv,HDFL
cic,Star,1,8,95.4635541182294,42.48229473648816,0.1,0.1,0.1,hdfl_xgb_Star_topology_cic_traffic_metrics_1.0_normal_exploits_loss10.csv,HDFL
cic,Star,1,8,54.90840130798825,22.043488557609777,0.3,0.3,0.3,hdfl_xgb_Star_topology_cic_traffic_metrics_1.0_normal_exploits_loss30.csv,HDFL
cic,Star,1,8,82.46271644000379,39.16644301537882,0.5,0.5,0.5,hdfl_xgb_Star_topology_cic_traffic_metrics_1.0_normal_exploits_loss50.csv,HDFL
cic,Star,1,8,74.75613382947466,45.02688114502301,0,0,0,hdfl_xgb_Star_topology_cic_traffic_metrics_1.0_normal_fuzzers_loss0.csv,HDFL
cic,Star,1,8,73.53903685128407,46.31311687284789,0.1,0.1,0.1,hdfl_xgb_Star_topology_cic_traffic_metrics_1.0_normal_fuzzers_loss10.csv,HDFL
cic,Star,1,8,94.1590202434005,40.47766139591226,0.3,0.3,0.3,hdfl_xgb_Star_topology_cic_traffic_metrics_1.0_normal_fuzzers_loss30.csv,HDFL
cic,Star,1,8,67.8626529912438,18.191961291719153,0.5,0.5,0.5,hdfl_xgb_Star_topology_cic_traffic_metrics_1.0_normal_fuzzers_loss50.csv,HDFL
cic,Star,2,10,97.85444428191656,40.432735721080576,0,0,0,hdfl_xgb_Star_topology_cic_traffic_metrics_2.0_normal_dos_reconnaissance_loss0.csv,HDFL
cic,Star,2,10,76.88477102220014,43.214545023669224,0.1,0.1,0.1,hdfl_xgb_Star_topology_cic_traffic_metrics_2.0_normal_dos_reconnaissance_loss10.csv,HDFL
cic,Star,2,10,82.3138433537379,35.25387547687124,0.3,0.3,0.3,hdfl_xgb_Star_topology_cic_traffic_metrics_2.0_normal_dos_reconnaissance_loss30.csv,HDFL
cic,Star,2,10,68.23801860919967,37.663513959787025,0.5,0.5,0.5,hdfl_xgb_Star_topology_cic_traffic_metrics_2.0_normal_dos_reconnaissance_loss50.csv,HDFL
cic,Star,2,10,83.80041103441596,10.10331184929463,0,0,0,hdfl_xgb_Star_topology_cic_traffic_metrics_2.0_normal_exploits_loss0.csv,HDFL
cic,Star,2,10,55.03062244259277,45.739855819331005,0.1,0.1,0.1,hdfl_xgb_Star_topology_cic_traffic_metrics_2.0_normal_exploits_loss10.csv,HDFL
cic,Star,2,10,83.71695993509903,25.554239548690298,0.3,0.3,0.3,hdfl_xgb_Star_topology_cic_traffic_metrics_2.0_normal_exploits_loss30.csv,HDFL
cic,Star,2,10,95.44140580543022,12.691126421505547,0.5,0.5,0.5,hdfl_xgb_Star_topology_cic_traffic_metrics_2.0_normal_exploits_loss50.csv,HDFL
cic,Star,2,10,93.43119762154986,33.556674057083555,0,0,0,hdfl_xgb_Star_topology_cic_traffic_metrics_2.0_normal_fuzzers_loss0.csv,HDFL
cic,Star,2,10,53.303703655555374,26.766524479643525,0.1,0.1,0.1,hdfl_xgb_Star_topology_cic_traffic_metrics_2.0_normal_fuzzers_loss10.csv,HDFL
cic,Star,2,10,99.20041241586613,15.26802265807788,0.3,0.3,0.3,hdfl_xgb_Star_topology_cic_traffic_metrics_2.0_normal_fuzzers_loss30.csv,HDFL
cic,Star,2,10,90.0654356769593,47.433934806392045,0.5,0.5,0.5,hdfl_xgb_Star_topology_cic_traffic_metrics_2.0_normal_fuzzers_loss50.csv,HDFL
ton,Star,0.1,6,63.33152122436928,23.237442543105928,0,0,0,hdfl_xgb_Star_topology_ton_traffic_metrics_0.1_normal_dos_reconnaissance_loss0.csv,HDFL
ton,Star,0.1,6,73.00036122416914,10.32774933919596,0.1,0.1,0.1,hdfl_xgb_Star_topology_ton_traffic_metrics_0.1_normal_dos_reconnaissance_loss10.csv,HDFL
ton,Star,0.1,6,83.06058408122843,11.26282293936233,0.3,0.3,0.3,hdfl_xgb_Star_topology_ton_traffic_metrics_0.1_normal_dos_reconnaissance_loss30.csv,HDFL
ton,Star,0.1,6,98.47315566989548,16.385105230634963,0.5,0.5,0.5,hdfl_xgb_Star_topology_ton_traffic_metrics_0.1_normal_dos_reconnaissance_loss50.csv,HDFL
ton,Star,0.1,5,95.54086209551812,17.689634349018505,0,0,0,hdfl_xgb_Star_topology_ton_traffic_metrics_0.1_normal_exploits_loss0.csv,HDFL
ton,Star,0.1,5,76.65389533494648,17.109829873948517,0.1,0.1,0.1,hdfl_xgb_Star_topology_ton_traffic_metrics_0.1_normal_exploits_loss10.csv,HDFL
ton,Star,0.1,5,57.32917732357639,48.047580878052344,0.3,0.3,0.3,hdfl_xgb_Star_topology_ton_traffic_metrics_0.1_normal_exploits_loss30.csv,HDFL
ton,Star,0.1,5,95.10921479901508,18.834938703940164,0.5,0.5,0.5,hdfl_xgb_Star_topology_ton_traffic_metrics_0.1_normal_exploits_loss50.csv,HDFL
ton,Star,0.1,5,72.57581702398295,15.165495045930635,0,0,0,hdfl_xgb_Star_topology_ton_traffic_metrics_0.1_normal_fuzzers_loss0.csv,HDFL
ton,Star,0.1,5,81.89590877593352,42.496700728787296,0.1,0.1,0.1,hdfl_xgb_Star_topology_ton_traffic_metrics_0.1_normal_fuzzers_loss10.csv,HDFL
ton,Star,0.1,5,66.15472356351891,41.29260981170272,0.3,0.3,0.3,hdfl_xgb_Star_topology_ton_traffic_metrics_0.1_normal_fuzzers_loss30.csv,HDFL
ton,Star,0.1,5,87.83016111275398,15.06949358414034,0.5,0.5,0.5,hdfl_xgb_Star_topology_ton_traffic_metrics_0.1_normal_fuzzers_loss50.csv,HDFL
ton,Star,0.3,9,64.18136053382193,20.246975137936044,0,0,0,hdfl_xgb_Star_topology_ton_traffic_metrics_0.3_normal_dos_reconnaissance_loss0.csv,HDFL
ton,Star,0.3,9,88.52828733770309,13.576237208508788,0.1,0.1,0.1,hdfl_xgb_Star_topology_ton_traffic_metrics_0.3_normal_dos_reconnaissance_loss10.csv,HDFL
ton,Star,0.3,9,88.82301262998209,20.623816198420812,0.3,0.3,0.3,hdfl_xgb_Star_topology_ton_traffic_metrics_0.3_normal_dos_reconnaissance_loss30.csv,HDFL
ton,Star,0.3,9,67.09175060277869,30.739048059434545,0.5,0.5,0.5,hdfl_xgb_Star_topology_ton_traffic_metrics_0.3_normal_dos_reconnaissance_loss50.csv,HDFL
ton,Star,0.3,10,84.1637364081949,26.780787584115863,0,0,0,hdfl_xgb_Star_topology_ton_traffic_metrics_0.3_normal_exploits_loss0.csv,HDFL
ton,Star,0.3,10,92.03611982922482,46.85616239458055,0.1,0.1,0.1,hdfl_xgb_Star_topology_ton_traffic_metrics_0.3_normal_exploits_loss10.csv,HDFL
ton,Star,0.3,10,79.16978658641251,30.1460099078858,0.3,0.3,0.3,hdfl_xgb_Star_topology_ton_traffic_metrics_0.3_normal_exploits_loss30.csv,HDFL
ton,Star,0.3,10,89.50223565643734,23.49194162143575,0.5,0.5,0.5,hdfl_xgb_Star_topology_ton_traffic_metrics_0.3_normal_exploits_loss50.csv,HDFL
ton,Star,0.3,10,64.03129937328202,43.74070602283788,0,0,0,hdfl_xgb_Star_topology_ton_traffic_metrics_0.3_normal_fuzzers_loss0.csv,HDFL
ton,Star,0.3,10,73.93080563068179,46.63645051946475,0.1,0.1,0.1,hdfl_xgb_Star_topology_ton_traffic_metrics_0.3_normal_fuzzers_loss10.csv,HDFL
ton,Star,0.3,10,69.7838664701001,15.748792568232425,0.3,0.3,0.3,hdfl_xgb_Star_topology_ton_traffic_metrics_0.3_normal_fuzzers_loss30.csv,HDFL
ton,Star,0.3,10,59.64608373145961,13.010459115942172,0.5,0.5,0.5,hdfl_xgb_Star_topology_ton_traffic_metrics_0.3_normal_fuzzers_loss50.csv,HDFL
ton,Star,0.5,10,86.43477700887684,37.61360579403326,0,0,0,hdfl_xgb_Star_topology_ton_traffic_metrics_0.5_normal_dos_reconnaissance_loss0.csv,HDFL
ton,Star,0.5,10,93.28397003360293,22.072168859685412,0.1,0.1,0.1,hdfl_xgb_Star_topology_ton_traffic_metrics_0.5_normal_dos_reconnaissance_loss10.csv,HDFL
ton,Star,0.5,10,60.21874306878303,45.367484897059946,0.3,0.3,0.3,hdfl_xgb_Star_topology_ton_traffic_metrics_0.5_normal_dos_reconnaissance_loss30.csv,HDFL
ton,Star,0.5,10,89.6369682995064,15.672479990056068,0.5,0.5,0.5,hdfl_xgb_Star_topology_ton_traffic_metrics_0.5_normal_dos_reconnaissance_loss50.csv,HDFL
ton,Star,0.5,10,72.04725109606439,14.62480113702496,0,0,0,hdfl_xgb_Star_topology_ton_traffic_metrics_0.5_normal_exploits_loss0.csv,HDFL
ton,Star,0.5,10,86.00528621452855,31.847841406622788,0.1,0.1,0.1,hdfl_xgb_Star_topology_ton_traffic_metrics_0.5_normal_exploits_loss10.csv,HDFL
ton,Star,0.5,10,72.91838131202675,39.79466280504397,0.3,0.3,0.3,hdfl_xgb_Star_topology_ton_traffic_metrics_0.5_normal_exploits_loss30.csv,HDFL
ton,Star,0.5,10,53.177171061817305,44.95099070932733,0.5,0.5,0.5,hdfl_xgb_Star_topology_ton_traffic_metrics_0.5_normal_exploits_loss50.csv,HDFL
ton,Star,0.5,10,76.45021028257429,22.544637014629615,0,0,0,hdfl_xgb_Star_topology_ton_traffic_metrics_0.5_normal_fuzzers_loss0.csv,HDFL
ton,Star,0.5,10,59.941042590914904,21.75719315569961,0.1,0.1,0.1,hdfl_xgb_Star_topology_ton_traffic_metrics_0.5_normal_fuzzers_loss10.csv,HDFL
ton,Star,0.5,10,87.79968748732395,46.14977379027061,0.3,0.3,0.3,hdfl_xgb_Star_topology_ton_traffic_metrics_0.5_normal_fuzzers_loss30.csv,HDFL
ton,Star,0.5,10,91.94797011555993,36.72511258786437,0.5,0.5,0.5,hdfl_xgb_Star_topology_ton_traffic_metrics_0.5_normal_fuzzers_loss50.csv,HDFL
ton,Star,1,10,79.98231578817206,39.76675101696512,0,0,0,hdfl_xgb_Star_topology_ton_traffic_metrics_1.0_normal_dos_reconnaissance_loss0.csv,HDFL
ton,Star,1,10,69.46946258337833,37.359358117820435,0.1,0.1,0.1,hdfl_xgb_Star_topology_ton_traffic_metrics_1.0_normal_dos_reconnaissance_loss10.csv,HDFL
ton,Star,1,10,92.1964639265081,46.58963542546432,0.3,0.3,0.3,hdfl_xgb_Star_topology_ton_traffic_metrics_1.0_normal_dos_reconnaissance_loss30.csv,HDFL
ton,Star,1,10,84.09101585362117,40.592319801086845,0.5,0.5,0.5,hdfl_xgb_Star_topology_ton_traffic_metrics_1.0_normal_dos_reconnaissance_loss50.csv,HDFL
ton,Star,1,10,73.86242192474485,32.80263330592511,0,0,0,hdfl_xgb_Star_topology_ton_traffic_metrics_1.0_normal_exploits_loss0.csv,HDFL
ton,Star,1,10,59.85713594059293,34.01479078569609,0.1,0.1,0.1,hdfl_xgb_Star_topology_ton_traffic_metrics_1.0_normal_exploits_loss10.csv,HDFL
ton,Star,1,10,71.21122402964582,23.15075191314845,0.3,0.3,0.3,hdfl_xgb_Star_topology_ton_traffic_metrics_1.0_normal_exploits_loss30.csv,HDFL
ton,Star,1,10,97.45919987616168,43.84554362673326,0.5,0.5,0.5,hdfl_xgb_Star_topology_ton_traffic_metrics_1.0_normal_exploits_loss50.csv,HDFL
ton,Star,1,10,72.38163081415563,49.603497330764306,0,0,0,hdfl_xgb_Star_topology_ton_traffic_metrics_1.0_normal_fuzzers_loss0.csv,HDFL
ton,Star,1,10,81.77729913132184,40.92338383887687,0.1,0.1,0.1,hdfl_xgb_Star_topology_ton_traffic_metrics_1.0_normal_fuzzers_loss10.csv,HDFL
ton,Star,1,10,83.98009450012509,48.10558703655921,0.3,0.3,0.3,hdfl_xgb_Star_topology_ton_traffic_metrics_1.0_normal_fuzzers_loss30.csv,HDFL
ton,Star,1,10,76.30754169829838,11.935759254712217,0.5,0.5,0.5,hdfl_xgb_Star_topology_ton_traffic_metrics_1.0_normal_fuzzers_loss50.csv,HDFL
ton,Star,2,10,99.12698179913022,35.5131062848272,0,0,0,hdfl_xgb_Star_topology_ton_traffic_metrics_2.0_normal_dos_reconnaissance_loss0.csv,HDFL
ton,Star,2,10,75.66962543919155,18.079337967369725,0.1,0.1,0.1,hdfl_xgb_Star_topology_ton_traffic_metrics_2.0_normal_dos_reconnaissance_loss10.csv,HDFL
ton,Star,2,10,73.37221574161725,36.12832374461174,0.3,0.3,0.3,hdfl_xgb_Star_topology_ton_traffic_metrics_2.0_normal_dos_reconnaissance_loss30.csv,HDFL
ton,Star,2,10,66.58453280091116,35.596835374766215,0.5,0.5,0.5,hdfl_xgb_Star_topology_ton_traffic_metrics_2.0_normal_dos_reconnaissance_loss50.csv,HDFL
ton,Star,2,10,54.08392812712627,25.603387125595876,0,0,0,hdfl_xgb_Star_topology_ton_traffic_metrics_2.0_normal_exploits_loss0.csv,HDFL
ton,Star,2,10,85.44085336105985,48.27838913984743,0.1,0.1,0.1,hdfl_xgb_Star_topology_ton_traffic_metrics_2.0_normal_exploits_loss10.csv,HDFL
ton,Star,2,10,54.99430424994324,18.304485344954003,0.3,0.3,0.3,hdfl_xgb_Star_topology_ton_traffic_metrics_2.0_normal_exploits_loss30.csv,HDFL
ton,Star,2,10,83.28961078732976,38.33291670557957,0.5,0.5,0.5,hdfl_xgb_Star_topology_ton_traffic_metrics_2.0_normal_exploits_loss50.csv,HDFL
ton,Star,2,10,65.57253588285631,43.995394437231994,0,0,0,hdfl_xgb_Star_topology_ton_traffic_metrics_2.0_normal_fuzzers_loss0.csv,HDFL
ton,Star,2,10,98.33606999948668,15.947401722426244,0.1,0.1,0.1,hdfl_xgb_Star_topology_ton_traffic_metrics_2.0_normal_fuzzers_loss10.csv,HDFL
ton,Star,2,10,92.53542544886238,25.261619684749384,0.3,0.3,0.3,hdfl_xgb_Star_topology_ton_traffic_metrics_2.0_normal_fuzzers_loss30.csv,HDFL
ton,Star,2,10,92.86826324784056,45.96249515012853,0.5,0.5,0.5,hdfl_xgb_Star_topology_ton_traffic_metrics_2.0_normal_fuzzers_loss50.csv,HDFL
unsw,Star,0.1,4,91.88831690906952,15.088653514802353,0,0,0,hdfl_xgb_Star_topology_unsw_traffic_metrics_0.1_normal_dos_reconnaissance_loss0.csv,HDFL
unsw,Star,0.1,4,82.22159058013321,40.366361033942525,0.1,0.1,0.1,hdfl_xgb_Star_topology_unsw_traffic_metrics_0.1_normal_dos_reconnaissance_loss10.csv,HDFL
unsw,Star,0.1,4,64.83259552451679,19.140137683556983,0.3,0.3,0.3,hdfl_xgb_Star_topology_unsw_traffic_metrics_0.1_normal_dos_reconnaissance_loss30.csv,HDFL
unsw,Star,0.1,4,56.639986568606346,14.023024888150006,0.5,0.5,0.5,hdfl_xgb_Star_topology_unsw_traffic_metrics_0.1_normal_dos_reconnaissance_loss50.csv,HDFL
unsw,Star,0.1,5,59.29132073017577,27.32559625610607,0,0,0,hdfl_xgb_Star_topology_unsw_traffic_metrics_0.1_normal_exploits_loss0.csv,HDFL
unsw,Star,0.1,5,84.36563084888314,23.348154835266698,0.1,0.1,0.1,hdfl_xgb_Star_topology_unsw_traffic_metrics_0.1_normal_exploits_loss10.csv,HDFL
unsw,Star,0.1,5,76.54064174039749,10.306044398022465,0.3,0.3,0.3,hdfl_xgb_Star_topology_unsw_traffic_metrics_0.1_normal_exploits_loss30.csv,HDFL
unsw,Star,0.1,5,54.817596609171574,17.120781361458604,0.5,0.5,0.5,hdfl_xgb_Star_topology_unsw_traffic_metrics_0.1_normal_exploits_loss50.csv,HDFL
unsw,Star,0.3,10,97.90764314703966,48.581515587884624,0,0,0,hdfl_xgb_Star_topology_unsw_traffic_metrics_0.3_normal_dos_reconnaissance_loss0.csv,HDFL
unsw,Star,0.3,10,97.13626102785908,33.527890685224804,0.1,0.1,0.1,hdfl_xgb_Star_topology_unsw_traffic_metrics_0.3_normal_dos_reconnaissance_loss10.csv,HDFL
unsw,Star,0.3,10,86.16661361428692,42.48075728315872,0.3,0.3,0.3,hdfl_xgb_Star_topology_unsw_traffic_metrics_0.3_normal_dos_reconnaissance_loss30.csv,HDFL
unsw,Star,0.3,10,93.88896675594911,42.86136487737534,0.5,0.5,0.5,hdfl_xgb_Star_topology_unsw_traffic_metrics_0.3_normal_dos_reconnaissance_loss50.csv,HDFL
unsw,Star,0.3,9,76.23781014418884,45.24082696637476,0,0,0,hdfl_xgb_Star_topology_unsw_traffic_metrics_0.3_normal_exploits_loss0.csv,HDFL
unsw,Star,0.3,9,80.30827982204866,35.766694130292294,0.1,0.1,0.1,hdfl_xgb_Star_topology_unsw_traffic_metrics_0.3_normal_exploits_loss10.csv,HDFL
unsw,Star,0.3,9,61.031371173095415,24.03546883128128,0.3,0.3,0.3,hdfl_xgb_Star_topology_unsw_traffic_metrics_0.3_normal_exploits_loss30.csv,HDFL
unsw,Star,0.3,9,74.62459426786066,14.52098245238616,0.5,0.5,0.5,hdfl_xgb_Star_topology_unsw_traffic_metrics_0.3_normal_exploits_loss50.csv,HDFL
unsw,Star,0.5,8,90.41218189430673,19.353091944295706,0,0,0,hdfl_xgb_Star_topology_unsw_traffic_metrics_0.5_normal_dos_reconnaissance_loss0.csv,HDFL
unsw,Star,0.5,8,56.59749923993463,27.945134142345548,0.1,0.1,0.1,hdfl_xgb_Star_topology_unsw_traffic_metrics_0.5_normal_dos_reconnaissance_loss10.csv,HDFL
unsw,Star,0.5,8,82.19351988263242,21.619910465548426,0.3,0.3,0.3,hdfl_xgb_Star_topology_unsw_traffic_metrics_0.5_normal_dos_reconnaissance_loss30.csv,HDFL
unsw,Star,0.5,8,87.74091804143094,45.31554049393665,0.5,0.5,0.5,hdfl_xgb_Star_topology_unsw_traffic_metrics_0.5_normal_dos_reconnaissance_loss50.csv,HDFL
unsw,Star,0.5,8,76.65194203975685,11.70465409118699,0,0,0,hdfl_xgb_Star_topology_unsw_traffic_metrics_0.5_normal_exploits_loss0.csv,HDFL
unsw,Star,0.5,8,85.35440349256754,41.34681730229523,0.1,0.1,0.1,hdfl_xgb_Star_topology_unsw_traffic_metrics_0.5_normal_exploits_loss10.csv,HDFL
unsw,Star,0.5,8,82.66918430549259,10.76469845664754,0.3,0.3,0.3,hdfl_xgb_Star_topology_unsw_traffic_metrics_0.5_normal_exploits_loss30.csv,HDFL
unsw,Star,0.5,8,55.028611502996895,21.75702702628201,0.5,0.5,0.5,hdfl_xgb_Star_topology_unsw_traffic_metrics_0.5_normal_exploits_loss50.csv,HDFL
unsw,Star,1,10,98.48778907580518,29.549098134651977,0,0,0,hdfl_xgb_Star_topology_unsw_traffic_metrics_1.0_normal_dos_reconnaissance_loss0.csv,HDFL
unsw,Star,1,10,82.88373730124445,38.5627151570834,0.1,0.1,0.1,hdfl_xgb_Star_topology_unsw_traffic_metrics_1.0_normal_dos_reconnaissance_loss10.csv,HDFL
unsw,Star,1,10,70.04352156756492,17.376309297124184,0.3,0.3,0.3,hdfl_xgb_Star_topology_unsw_traffic_metrics_1.0_normal_dos_reconnaissance_loss30.csv,HDFL
unsw,Star,1,6,68.16940983806316,33.432012853605464,0.5,0.5,0.5,hdfl_xgb_Star_topology_unsw_traffic_metrics_1.0_normal_dos_reconnaissance_loss50.csv,HDFL
unsw,Star,1,6,88.97528833537066,36.6551971291433,0,0,0,hdfl_xgb_Star_topology_unsw_traffic_metrics_1.0_normal_exploits_loss0.csv,HDFL
unsw,Star,1,10,89.64482954011939,20.040032798794705,0.1,0.1,0.1,hdfl_xgb_Star_topology_unsw_traffic_metrics_1.0_normal_exploits_loss10.csv,HDFL
unsw,Star,1,10,88.99182244076076,13.21359177521295,0.3,0.3,0.3,hdfl_xgb_Star_topology_unsw_traffic_metrics_1.0_normal_exploits_loss30.csv,HDFL
unsw,Star,1,10,53.81083646677292,41.29715701272333,0.5,0.5,0.5,hdfl_xgb_Star_topology_unsw_traffic_metrics_1.0_normal_exploits_loss50.csv,HDFL
unsw,Star,2,10,53.41909310895216,35.03962779269093,0,0,0,hdfl_xgb_Star_topology_unsw_traffic_metrics_2.0_normal_dos_reconnaissance_loss0.csv,HDFL
unsw,Star,2,10,79.44891123368427,10.88983090796756,0.1,0.1,0.1,hdfl_xgb_Star_topology_unsw_traffic_metrics_2.0_normal_dos_reconnaissance_loss10.csv,HDFL
unsw,Star,2,10,58.91343857142392,28.78332307028122,0.3,0.3,0.3,hdfl_xgb_Star_topology_unsw_traffic_metrics_2.0_normal_dos_reconnaissance_loss30.csv,HDFL
unsw,Star,2,10,96.72259781287688,26.29198503361492,0.5,0.5,0.5,hdfl_xgb_Star_topology_unsw_traffic_metrics_2.0_normal_dos_reconnaissance_loss50.csv,HDFL
unsw,Star,2,10,87.77719551929735,35.25476739556939,0,0,0,hdfl_xgb_Star_topology_unsw_traffic_metrics_2.0_normal_exploits_loss0.csv,HDFL
unsw,Star,2,10,66.2884116075218,11.82307049026388,0.1,0.1,0.1,hdfl_xgb_Star_topology_unsw_traffic_metrics_2.0_normal_exploits_loss10.csv,HDFL
unsw,Star,2,10,70.71099498258972,24.483378079037244,0.3,0.3,0.3,hdfl_xgb_Star_topology_unsw_traffic_metrics_2.0_normal_exploits_loss30.csv,HDFL
unsw,Star,2,10,77.73717344146448,48.524201212593326,0.5,0.5,0.5,hdfl_xgb_Star_topology_unsw_traffic_metrics_2.0_normal_exploits_loss50.csv,HDFL
